datetime,open,close,high,low,volume
2016-08-02,3.92,5.1,5.1,3.92,106694.72
2016-08-03,5.8,5.8,5.8,5.8,80270.31
2016-08-04,6.58,6.58,6.58,6.58,54760.72
2016-08-05,7.43,7.43,7.43,6.8,5469613.62
2016-08-08,7.27,7.0,7.27,6.86,4064547.99
2016-08-09,6.98,7.57,7.8,6.94,4727996.82
2016-08-10,7.42,7.95,8.34,7.32,4381806.35
2016-08-11,7.81,7.73,8.41,7.67,3634283.29
2016-08-12,7.73,8.62,8.67,7.62,4045347.76
2016-08-15,8.59,9.27,9.64,8.48,4546386.98
2016-08-16,9.1,9.19,9.25,8.99,3111207.62
2016-08-17,9.13,8.76,9.13,8.52,3045650.54
2016-08-18,8.67,8.72,8.92,8.61,2071181.02
2016-08-19,8.73,8.39,8.77,8.33,2031242.48
2016-08-22,8.33,8.23,8.38,8.05,1602686.87
2016-08-23,8.15,8.31,8.36,8.1,1552113.41
2016-08-24,8.27,7.95,8.35,7.93,1722795.1
2016-08-25,7.79,7.71,7.8,7.56,1425750.46
2016-08-26,7.72,7.52,7.75,7.5,1174628.94
2016-08-29,7.48,7.56,7.63,7.45,748149.49
2016-08-30,7.6,7.58,7.67,7.48,826424.52
2016-08-31,7.6,7.72,7.93,7.49,1823036.98
2016-09-01,7.66,7.43,7.68,7.41,1218159.42
2016-09-02,7.34,7.27,7.41,7.22,943854.29
2016-09-05,7.3,7.1,7.32,7.06,852996.04
2016-09-06,7.08,7.22,7.27,7.07,787035.52
2016-09-07,7.19,7.14,7.27,7.12,716304.18
2016-09-08,7.13,7.15,7.2,7.09,533483.89
2016-09-09,7.14,6.97,7.15,6.95,717559.57
2016-09-12,6.8,6.57,6.8,6.55,955649.48
2016-09-13,6.63,6.68,6.79,6.58,735475.58
2016-09-14,6.62,6.55,6.64,6.52,454106.96
2016-09-19,6.55,6.64,6.7,6.55,417856.04
2016-09-20,6.62,6.65,6.76,6.57,489915.66
2016-09-21,6.62,6.61,6.64,6.58,370051.42
2016-09-22,6.65,6.59,6.68,6.57,499210.35
2016-09-23,6.59,6.37,6.6,6.37,675813.11
2016-09-26,6.33,5.96,6.34,5.94,891840.45
2016-09-27,5.91,6.0,6.01,5.87,526284.06
2016-09-28,5.97,5.89,5.98,5.87,397690.25
2016-09-29,5.91,5.9,5.96,5.88,363724.08
2016-09-30,5.87,5.86,5.89,5.83,364911.61
2016-10-10,5.88,5.99,6.01,5.84,545511.11
2016-10-11,6.0,6.01,6.06,5.97,478246.23
2016-10-12,5.99,5.96,6.01,5.93,371835.83
2016-10-13,5.98,5.91,5.99,5.91,378587.56
2016-10-14,5.91,6.01,6.03,5.89,670571.42
2016-10-17,6.01,5.87,6.01,5.86,523206.04
2016-10-18,5.86,5.99,6.0,5.84,600738.25
2016-10-19,6.0,5.95,6.0,5.91,429838.96
2016-10-20,5.94,5.92,5.96,5.87,352072.4
2016-10-21,5.91,5.96,6.0,5.88,467730.22
2016-10-24,5.98,6.19,6.3,5.93,1610455.7
2016-10-25,6.16,6.17,6.21,6.12,668355.26
2016-10-26,6.16,6.05,6.16,6.01,693833.67
2016-10-27,6.05,6.01,6.06,5.98,365279.65
2016-10-28,6.01,6.13,6.44,6.01,1211451.17
2016-10-31,6.09,6.16,6.21,6.01,694418.74
2016-11-01,6.12,6.16,6.19,6.06,478639.0
2016-11-02,6.12,6.01,6.14,6.01,584641.76
2016-11-03,5.98,6.02,6.08,5.96,492844.6
2016-11-04,6.01,5.98,6.05,5.96,428583.15
2016-11-07,5.98,5.96,5.99,5.93,322354.49
2016-11-08,5.98,6.15,6.29,5.95,902447.43
2016-11-09,6.11,5.98,6.13,5.94,737646.91
2016-11-10,6.03,6.2,6.29,6.02,1287016.6
2016-11-11,6.22,6.27,6.34,6.14,1192556.48
2016-11-14,6.22,6.42,6.52,6.19,1452966.06
2016-11-15,6.35,6.33,6.4,6.27,635367.39
2016-11-16,6.33,6.28,6.37,6.26,445566.53
2016-11-17,6.25,6.26,6.28,6.19,420183.25
2016-11-18,6.24,6.16,6.26,6.15,444019.42
2016-11-21,6.16,6.2,6.27,6.14,516430.13
2016-11-22,6.22,6.32,6.33,6.2,748731.85
2016-11-23,6.34,6.44,6.63,6.3,1766201.08
2016-11-24,6.41,6.73,6.77,6.38,1690297.99
2016-11-25,6.71,6.73,6.85,6.58,989556.74
2016-11-28,6.8,6.91,7.07,6.8,1411637.87
2016-11-29,6.83,6.66,6.89,6.64,859018.45
2016-11-30,6.62,6.47,6.64,6.39,770952.18
2016-12-01,6.46,6.52,6.6,6.46,429350.65
2016-12-02,6.54,6.4,6.54,6.37,376449.54
2016-12-05,6.3,6.26,6.35,6.22,455636.68
2016-12-06,6.28,6.29,6.33,6.24,337025.06
2016-12-07,6.28,6.33,6.33,6.18,363470.36
2016-12-08,6.33,6.47,6.55,6.3,635049.64
2016-12-09,6.43,6.57,6.76,6.38,872863.38
2016-12-12,6.54,6.37,6.77,6.36,854525.43
2016-12-13,6.33,6.34,6.42,6.23,427474.33
2016-12-14,6.31,6.41,6.5,6.25,518985.27
2016-12-15,6.37,6.23,6.46,6.18,563706.12
2016-12-16,6.18,6.13,6.23,6.09,402449.93
2016-12-19,6.1,5.93,6.12,5.85,608411.23
2016-12-20,5.94,5.85,5.94,5.82,512734.82
2016-12-21,5.87,5.94,5.96,5.87,278203.57
2016-12-22,5.94,5.89,5.94,5.84,222389.94
2016-12-23,5.89,5.72,5.89,5.7,395045.73
2016-12-26,5.7,5.66,5.7,5.47,463864.27
2016-12-27,5.64,5.55,5.66,5.54,384906.9
2016-12-28,5.55,5.53,5.58,5.51,180012.98
2016-12-29,5.54,5.55,5.62,5.51,252194.03
2016-12-30,5.55,5.57,5.59,5.55,186057.04
2017-01-03,5.58,5.66,5.67,5.58,293716.6
2017-01-04,5.66,5.7,5.72,5.62,270385.55
2017-01-05,5.7,5.66,5.7,5.65,195945.91
2017-01-06,5.65,5.57,5.66,5.56,214133.0
2017-01-09,5.57,5.59,5.61,5.55,129730.59
2017-01-10,5.58,5.56,5.59,5.55,150974.76
2017-01-11,5.55,5.48,5.57,5.47,216860.17
2017-01-12,5.47,5.29,5.48,5.26,372177.11
2017-01-13,5.26,5.35,5.42,5.13,504467.86
2017-01-16,5.3,5.47,5.5,5.16,869621.04
2017-01-17,5.39,5.42,5.47,5.36,224967.63
2017-01-18,5.41,5.34,5.42,5.33,192684.97
2017-01-19,5.35,5.34,5.39,5.33,162769.99
2017-01-20,5.32,5.43,5.46,5.31,219808.34
2017-01-23,5.41,5.44,5.49,5.41,175718.09
2017-01-24,5.44,5.41,5.45,5.38,115525.91
2017-01-25,5.38,5.44,5.46,5.36,121557.01
2017-01-26,5.44,5.54,5.55,5.44,240323.55
2017-02-03,5.53,5.5,5.54,5.48,108887.4
2017-02-06,5.51,5.55,5.55,5.48,146056.96
2017-02-07,5.52,5.48,5.55,5.45,148159.44
2017-02-08,5.46,5.54,5.54,5.39,233229.88
2017-02-09,5.51,5.55,5.58,5.49,240134.61
2017-02-10,5.55,5.69,5.76,5.55,580401.51
2017-02-13,5.76,5.87,6.14,5.71,1027035.71
2017-02-14,5.89,5.77,5.91,5.71,444717.18
2017-02-15,5.78,5.94,6.09,5.76,1066388.34
2017-02-16,5.91,6.06,6.13,5.86,804083.82
2017-02-17,6.01,5.84,6.09,5.82,685201.25
2017-02-20,5.8,6.32,6.41,5.79,1685515.37
2017-02-21,6.29,6.15,6.36,6.1,954800.99
2017-02-22,6.12,6.04,6.12,5.97,634358.34
2017-02-23,6.03,6.06,6.12,5.98,422322.99
2017-02-24,6.05,5.99,6.05,5.91,552613.14
2017-02-27,5.98,5.9,6.0,5.89,368522.46
2017-02-28,5.91,6.17,6.28,5.91,1218695.6
2017-03-01,6.13,6.05,6.23,6.04,752032.84
2017-03-02,6.09,6.18,6.3,6.07,1126379.47
2017-03-03,6.12,6.0,6.14,5.98,618196.03
2017-03-06,5.98,6.02,6.09,5.94,416136.06
2017-03-07,6.0,6.12,6.12,5.98,535925.46
2017-03-08,6.09,6.05,6.15,6.01,478924.95
2017-03-09,6.02,5.94,6.05,5.9,528597.18
2017-03-10,5.94,5.86,5.97,5.84,449495.77
2017-03-13,5.85,5.89,5.9,5.79,306418.54
2017-03-14,5.88,5.86,5.92,5.83,276126.51
2017-03-15,5.85,5.85,5.89,5.82,230578.97
2017-03-16,5.87,6.08,6.14,5.87,921255.3
2017-03-17,6.06,5.91,6.08,5.89,617407.45
2017-03-20,5.94,5.93,5.97,5.86,352152.03
2017-03-21,5.92,5.9,5.95,5.87,248184.55
2017-03-22,5.91,5.83,5.92,5.79,393242.51
2017-03-23,5.8,5.81,5.88,5.78,266722.25
2017-03-24,5.8,5.79,5.84,5.74,363047.01
2017-03-27,5.8,5.93,6.01,5.79,689807.28
2017-03-28,5.9,5.87,5.91,5.84,318433.47
2017-03-29,5.88,5.8,5.91,5.8,285995.0
2017-03-30,5.79,5.62,5.82,5.62,380475.09
2017-03-31,5.65,5.86,6.01,5.65,845759.2
2017-04-05,5.78,5.8,5.81,5.63,612447.19
2017-04-06,5.76,5.76,5.8,5.74,328796.24
2017-04-07,5.76,5.77,5.81,5.74,282414.12
2017-04-10,5.76,5.68,5.77,5.66,396941.9
2017-04-11,5.67,5.73,5.75,5.62,408305.52
2017-04-12,5.69,5.65,5.71,5.64,297090.46
2017-04-13,5.64,5.65,5.68,5.63,172505.33
2017-04-14,5.65,5.51,5.66,5.48,402120.29
2017-04-17,5.5,5.36,5.5,5.3,348356.34
2017-04-18,5.36,5.26,5.39,5.25,248367.59
2017-04-19,5.24,5.3,5.33,5.22,260832.8
2017-04-20,5.31,5.23,5.33,5.19,194385.86
2017-04-21,5.24,5.28,5.33,5.23,166250.32
2017-04-24,5.26,5.23,5.33,5.16,242078.35
2017-04-25,5.25,5.28,5.35,5.22,197334.72
2017-04-26,5.3,5.26,5.32,5.26,190564.73
2017-04-27,5.25,5.23,5.25,5.15,315982.45
2017-04-28,5.23,5.21,5.23,5.16,231336.75
2017-05-02,5.2,5.16,5.2,5.14,227746.72
2017-05-03,5.16,5.19,5.22,5.15,221261.51
2017-05-04,5.16,5.23,5.26,5.14,386743.05
2017-05-05,5.19,5.15,5.22,5.14,233619.58
2017-05-08,5.13,5.08,5.16,5.08,176820.0
2017-05-09,5.08,5.23,5.27,5.05,441360.95
2017-05-10,5.21,5.3,5.49,5.19,818413.66
2017-05-11,5.25,5.27,5.3,5.15,461655.52
2017-05-12,5.27,5.39,5.46,5.23,652980.58
2017-05-15,5.35,5.33,5.41,5.32,345348.47
2017-05-16,5.3,5.32,5.33,5.2,359846.08
2017-05-17,5.3,5.3,5.33,5.25,247921.1
2017-05-18,5.25,5.18,5.28,5.16,324118.14
2017-05-19,5.16,5.17,5.19,5.15,150437.07
2017-05-22,5.16,5.1,5.19,5.08,207791.83
2017-05-23,5.08,4.99,5.12,4.98,456185.1
2017-05-24,4.94,4.89,4.96,4.77,342464.66
2017-05-25,4.88,5.08,5.12,4.85,459945.96
2017-05-26,5.05,5.04,5.09,5.01,218675.49
2017-05-31,5.12,5.1,5.19,5.1,281893.95
2017-06-01,5.11,5.34,5.44,5.1,965070.19
2017-06-02,5.37,5.55,5.62,5.31,1285319.87
2017-06-05,5.48,5.49,5.51,5.41,536517.79
2017-06-06,5.5,5.48,5.54,5.4,472829.9
2017-06-07,5.46,5.51,5.56,5.42,601089.31
2017-06-08,5.48,5.52,5.54,5.41,557037.89
2017-06-09,5.49,5.51,5.55,5.46,449294.48
2017-06-12,5.47,5.47,5.59,5.46,400671.37
2017-06-13,5.43,5.43,5.46,5.38,345280.36
2017-06-14,5.43,5.38,5.45,5.37,193836.0
2017-06-15,5.37,5.4,5.45,5.36,271217.05
2017-06-16,5.4,5.32,5.43,5.29,246754.92
2017-06-19,5.33,5.36,5.37,5.32,179180.5
2017-06-20,5.36,5.36,5.38,5.33,169633.18
2017-06-21,5.4,5.38,5.42,5.34,178127.01
2017-06-22,5.39,5.47,5.59,5.37,816253.07
2017-06-23,5.43,5.4,5.46,5.32,452320.29
2017-06-26,5.4,5.42,5.48,5.36,304805.96
2017-06-27,5.4,5.48,5.49,5.38,351916.9
2017-06-28,5.47,5.52,5.58,5.43,454377.51
2017-06-29,5.5,5.5,5.54,5.47,227926.4
2017-06-30,5.47,5.44,5.48,5.42,212236.61
2017-07-03,5.44,5.45,5.49,5.4,162117.5
2017-07-04,5.46,5.36,5.46,5.36,239032.84
2017-07-05,5.36,5.4,5.41,5.35,183069.38
2017-07-06,5.39,5.36,5.42,5.35,213915.54
2017-07-07,5.36,5.36,5.38,5.32,194652.27
2017-07-10,5.36,5.33,5.36,5.33,171208.76
2017-07-11,5.34,5.4,5.47,5.33,424686.75
2017-07-12,5.38,5.43,5.5,5.37,412057.82
2017-07-13,5.42,5.51,5.51,5.4,504563.23
2017-07-14,5.53,5.51,5.59,5.47,449781.63
2017-07-17,5.53,5.79,6.15,5.38,1904906.08
2017-07-18,5.69,5.78,5.8,5.62,947228.15
2017-07-19,5.75,5.86,5.95,5.72,1017475.66
2017-07-20,5.83,5.81,5.86,5.75,602405.02
2017-07-21,5.77,5.67,5.79,5.65,536430.59
2017-07-24,5.64,5.75,5.79,5.63,512742.21
2017-07-25,5.72,5.61,5.76,5.58,422942.44
2017-07-26,5.58,5.58,5.68,5.49,527227.16
2017-07-27,5.54,5.54,5.57,5.44,401947.21
2017-07-28,5.43,5.35,5.45,5.34,826875.61
2017-07-31,5.29,5.23,5.29,5.18,739616.76
2017-08-01,5.21,5.32,5.36,5.19,559619.95
2017-08-02,5.14,5.2,5.26,5.08,1523865.75
2017-08-03,5.15,5.15,5.18,5.11,649403.18
2017-08-04,5.14,5.15,5.17,5.11,456390.9
2017-08-07,5.11,5.14,5.15,5.1,304509.11
2017-08-08,5.14,5.12,5.14,5.11,352937.16
2017-08-09,5.11,5.04,5.12,5.03,546201.3
2017-08-10,5.04,5.06,5.11,5.0,412385.41
2017-08-11,5.01,4.97,5.04,4.96,375338.99
2017-08-14,4.95,4.99,5.0,4.95,308602.08
2017-08-15,4.98,5.04,5.1,4.97,468301.24
2017-08-16,5.02,5.04,5.06,5.01,401255.89
2017-08-17,5.03,5.05,5.05,5.02,278455.26
2017-08-18,5.03,4.99,5.03,4.97,633712.44
2017-08-21,4.98,4.93,4.99,4.91,726016.61
2017-08-22,4.93,4.95,4.97,4.92,373626.7
2017-08-23,4.96,5.01,5.03,4.94,515561.56
2017-08-24,5.0,4.95,5.01,4.94,342532.49
2017-08-25,4.94,5.05,5.06,4.94,887539.9
2017-08-28,5.05,5.15,5.2,5.04,1165355.71
2017-08-29,5.13,5.09,5.14,5.07,552568.13
2017-08-30,5.09,5.06,5.12,5.05,473935.06
2017-08-31,5.06,5.05,5.07,5.02,446707.79
2017-09-01,5.06,5.07,5.07,5.03,327278.33
2017-09-04,5.06,5.04,5.06,5.02,318859.53
2017-09-05,5.04,5.05,5.1,5.03,393701.11
2017-09-06,5.04,5.01,5.04,4.99,387281.28
2017-09-07,5.0,4.99,5.02,4.98,226873.16
2017-09-08,4.99,4.97,5.01,4.96,254605.98
2017-09-11,4.97,4.97,5.0,4.97,271744.79
2017-09-12,4.98,4.97,4.99,4.94,345212.33
2017-09-13,4.96,4.97,5.0,4.93,325475.7
2017-09-14,4.96,4.94,4.97,4.93,271695.86
2017-09-15,4.93,4.94,4.94,4.92,286447.71
2017-09-18,4.93,4.97,4.97,4.93,208877.71
2017-09-19,4.96,4.97,4.99,4.95,279529.18
2017-09-20,4.97,4.95,4.97,4.92,291491.87
2017-09-21,4.93,4.92,4.97,4.92,282538.14
2017-09-22,4.92,4.9,4.95,4.9,302063.1
2017-09-25,4.9,4.79,4.9,4.79,424024.04
2017-09-26,4.79,4.78,4.82,4.76,257215.48
2017-09-27,4.79,4.75,4.79,4.75,268387.5
2017-09-28,4.75,4.64,4.76,4.63,476154.42
2017-09-29,4.64,4.67,4.7,4.64,216568.24
2017-10-09,4.83,4.75,4.85,4.73,426467.4
2017-10-10,4.75,4.74,4.76,4.71,235239.61
2017-10-11,4.74,4.75,4.77,4.72,220920.57
2017-10-12,4.75,4.73,4.75,4.72,162990.97
2017-10-13,4.72,4.75,4.75,4.72,164924.72
2017-10-16,4.75,4.68,4.75,4.67,270029.97
2017-10-17,4.68,4.73,4.75,4.66,319174.74
2017-10-18,4.74,4.71,4.75,4.68,154542.49
2017-10-19,4.7,4.61,4.71,4.6,297023.66
2017-10-20,4.6,4.63,4.64,4.6,164000.25
2017-10-23,4.62,4.62,4.63,4.6,168986.67
2017-10-24,4.61,4.61,4.63,4.6,156140.07
2017-10-25,4.62,4.64,4.67,4.61,214123.76
2017-10-26,4.64,4.65,4.68,4.61,266678.71
2017-10-27,4.65,4.68,4.71,4.63,344409.88
2017-10-30,4.68,4.54,4.7,4.52,435778.43
2017-10-31,4.54,4.53,4.56,4.5,227883.34
2017-11-01,4.52,4.52,4.55,4.51,198632.21
2017-11-02,4.51,4.44,4.53,4.43,373088.67
2017-11-03,4.43,4.36,4.45,4.33,334951.66
2017-11-06,4.36,4.37,4.39,4.34,198526.37
2017-11-07,4.36,4.43,4.46,4.35,336589.78
2017-11-08,4.43,4.43,4.48,4.4,279162.03
2017-11-09,4.42,4.43,4.45,4.4,167950.67
2017-11-10,4.42,4.4,4.43,4.38,203251.39
2017-11-13,4.4,4.51,4.58,4.4,799033.58
2017-11-14,4.5,4.43,4.5,4.42,352944.23
2017-11-15,4.42,4.39,4.44,4.38,243258.55
2017-11-16,4.37,4.25,4.37,4.25,431198.25
2017-11-17,4.23,4.25,4.32,4.22,348610.11
2017-11-20,4.22,4.27,4.29,4.15,328379.83
2017-11-21,4.27,4.37,4.44,4.25,623955.96
2017-11-22,4.36,4.42,4.47,4.36,610213.22
2017-11-23,4.4,4.28,4.43,4.25,390023.85
2017-11-24,4.25,4.26,4.3,4.23,203896.86
2017-11-27,4.27,4.22,4.27,4.2,188316.71
2017-11-28,4.21,4.25,4.27,4.21,191148.9
2017-11-29,4.23,4.3,4.35,4.17,465185.33
2017-11-30,4.26,4.29,4.34,4.22,386312.7
2017-12-01,4.29,4.25,4.29,4.25,242448.52
2017-12-04,4.23,4.3,4.31,4.22,313045.27
2017-12-05,4.29,4.24,4.32,4.22,362946.62
2017-12-06,4.24,4.27,4.28,4.21,341145.12
2017-12-07,4.27,4.31,4.33,4.25,532805.07
2017-12-08,4.34,4.36,4.37,4.3,617117.29
2017-12-11,4.34,4.45,4.49,4.31,912354.74
2017-12-12,4.44,4.38,4.49,4.36,434090.12
2017-12-13,4.38,4.36,4.42,4.3,427193.62
2017-12-14,4.34,4.3,4.36,4.29,240786.27
2017-12-15,4.29,4.22,4.29,4.2,331968.62
2017-12-18,4.21,4.18,4.22,4.17,262923.45
2017-12-19,4.18,4.22,4.24,4.17,310330.69
2017-12-20,4.22,4.14,4.22,4.13,334746.66
2017-12-21,4.12,4.13,4.16,4.09,273122.0
2017-12-22,4.12,4.07,4.13,4.06,221883.76
2017-12-25,4.05,3.97,4.07,3.97,299563.28
2017-12-26,3.97,4.0,4.04,3.95,578091.75
2017-12-27,3.97,3.92,3.99,3.9,412055.53
2017-12-28,3.89,3.9,3.98,3.83,409155.82
2017-12-29,3.89,3.93,3.93,3.87,211858.2
2018-01-02,3.91,4.0,4.0,3.91,413536.35
2018-01-03,4.0,4.05,4.09,3.98,428634.76
2018-01-04,4.05,4.11,4.15,4.03,455572.97
2018-01-05,4.09,4.1,4.11,4.06,316190.48
2018-01-08,4.08,4.11,4.14,4.07,269482.27
2018-01-09,4.11,4.11,4.14,4.08,210739.22
2018-01-10,4.09,4.14,4.19,4.09,389231.86
2018-01-11,4.12,4.15,4.18,4.11,237322.34
2018-01-12,4.15,4.13,4.18,4.12,221927.49
2018-01-15,4.12,4.15,4.21,4.09,499686.5
2018-01-16,4.14,4.22,4.23,4.13,357688.3
2018-01-17,4.22,4.33,4.42,4.22,908453.35
2018-01-18,4.36,4.41,4.47,4.32,799974.63
2018-01-19,4.45,4.58,4.74,4.43,1771781.55
2018-01-22,4.52,4.44,4.54,4.4,857841.84
2018-01-23,4.44,4.58,4.61,4.39,959523.16
2018-01-24,4.59,4.58,4.72,4.54,1111861.24
2018-01-25,4.55,4.5,4.55,4.43,689620.72
2018-01-26,4.47,4.56,4.61,4.46,579223.35
2018-01-29,4.55,4.55,4.68,4.52,824557.97
2018-01-30,4.52,4.49,4.59,4.47,535693.5
2018-01-31,4.46,4.5,4.52,4.43,495516.57
2018-02-01,4.48,4.33,4.55,4.29,850239.59
2018-02-02,4.3,4.43,4.45,4.27,642798.31
2018-02-05,4.36,4.68,4.71,4.32,1150953.77
2018-02-06,4.59,4.47,4.73,4.47,1001648.86
2018-02-07,4.59,4.54,4.75,4.51,1374046.25
2018-02-08,4.5,4.32,4.51,4.27,1015611.14
2018-02-09,4.18,4.0,4.23,3.91,855454.87
2018-02-12,4.02,4.02,4.07,3.97,465962.96
2018-02-13,4.06,4.06,4.15,4.05,425674.12
2018-02-14,4.06,3.99,4.06,3.96,463598.65
2018-02-22,4.06,4.06,4.07,4.02,614550.63
2018-02-23,4.05,4.09,4.1,4.04,382488.93
2018-02-26,4.11,4.14,4.18,4.08,580459.09
2018-02-27,4.15,4.07,4.15,4.07,373622.41
2018-02-28,4.05,4.04,4.07,4.01,335132.67
2018-03-01,4.01,4.05,4.07,4.0,298021.73
2018-03-02,4.01,4.03,4.05,4.0,276925.27
2018-03-05,4.04,4.03,4.06,4.0,194966.16
2018-03-06,4.04,4.07,4.07,4.0,375111.49
2018-03-07,4.11,4.05,4.15,4.04,493816.58
2018-03-08,4.04,4.04,4.06,4.02,226940.34
2018-03-09,4.05,4.09,4.1,4.03,275074.98
2018-03-12,4.09,4.11,4.12,4.07,338148.12
2018-03-13,4.11,4.08,4.15,4.08,305231.72
2018-03-14,4.07,4.04,4.07,4.04,209463.8
2018-03-15,4.04,3.99,4.05,3.98,257953.04
2018-03-16,4.0,3.98,4.03,3.97,212689.18
2018-03-19,3.97,3.97,4.0,3.96,180501.76
2018-03-20,3.94,3.97,3.99,3.93,198608.01
2018-03-21,3.98,3.97,4.0,3.96,291004.39
2018-03-22,3.96,3.97,3.98,3.91,285510.83
2018-03-23,3.89,3.91,3.94,3.78,856540.96
2018-03-26,3.86,3.85,3.86,3.79,276280.63
2018-03-27,3.88,3.88,3.9,3.85,240746.57
2018-03-28,3.86,3.88,3.98,3.84,303518.43
2018-03-29,3.87,3.92,3.95,3.86,300341.81
2018-03-30,3.93,3.9,3.94,3.89,221272.86
2018-04-02,3.9,3.87,3.93,3.86,249253.92
2018-04-03,3.84,3.84,3.86,3.81,185034.54
2018-04-04,3.85,3.83,3.87,3.82,209111.05
2018-04-09,3.82,3.83,3.85,3.81,155976.8
2018-04-10,3.84,3.92,3.93,3.82,306693.42
2018-04-11,3.93,3.94,3.97,3.9,366709.84
2018-04-12,3.93,3.87,3.93,3.86,251336.88
2018-04-13,3.9,3.86,3.91,3.85,144101.17
2018-04-16,3.85,3.82,3.85,3.78,289435.44
2018-04-17,3.8,3.78,3.84,3.76,211199.9
2018-04-18,3.84,3.81,3.85,3.79,205226.79
2018-04-19,3.79,3.81,3.82,3.79,169963.91
2018-04-20,3.79,3.78,3.81,3.7,365780.99
2018-04-23,3.76,3.77,3.79,3.72,208658.87
2018-04-24,3.78,3.85,3.86,3.77,295593.53
2018-04-25,3.81,3.79,3.82,3.77,233253.88
2018-04-26,3.79,3.78,3.79,3.73,212696.4
2018-04-27,3.77,3.8,3.82,3.75,184843.03
2018-05-02,3.82,3.79,3.83,3.77,168519.99
2018-05-03,3.76,3.79,3.8,3.75,180766.5
2018-05-04,3.78,3.76,3.8,3.75,133536.25
2018-05-07,3.77,3.79,3.8,3.76,187440.46
2018-05-08,3.79,3.86,3.86,3.79,322011.99
2018-05-09,3.86,3.85,3.86,3.82,146556.06
2018-05-10,3.86,3.85,3.86,3.81,198835.0
2018-05-11,3.85,3.82,3.87,3.82,205264.34
2018-05-14,3.82,3.86,3.88,3.82,237666.45
2018-05-15,3.85,3.85,3.86,3.82,187570.68
2018-05-16,3.83,3.8,3.85,3.8,203414.21
2018-05-17,3.81,3.89,3.9,3.8,437878.96
2018-05-18,3.9,3.99,4.0,3.87,524142.94
2018-05-21,4.04,3.98,4.04,3.97,301940.47
2018-05-22,4.0,3.98,4.0,3.94,290257.8
2018-05-23,3.98,3.93,3.99,3.91,253478.19
2018-05-24,3.93,3.93,3.97,3.91,183580.37
2018-05-25,3.96,4.0,4.03,3.93,429569.18
2018-05-28,3.99,3.95,4.0,3.93,272680.66
2018-05-29,3.94,3.9,3.96,3.87,258933.5
2018-05-30,3.84,3.75,3.85,3.73,302753.44
2018-05-31,3.77,3.81,3.82,3.75,246871.98
2018-06-01,3.75,3.76,3.8,3.72,252057.8
2018-06-04,3.76,3.75,3.8,3.74,233652.19
2018-06-05,3.75,3.73,3.75,3.69,393275.65
2018-06-06,3.72,3.71,3.73,3.69,213690.95
2018-06-07,3.72,3.71,3.75,3.7,320164.08
2018-06-08,3.7,3.57,3.7,3.51,791090.8
2018-06-11,3.53,3.55,3.57,3.51,228081.34
2018-06-12,3.54,3.54,3.55,3.49,226911.42
2018-06-13,3.54,3.46,3.54,3.45,227101.62
2018-06-14,3.43,3.48,3.49,3.43,186179.1
2018-06-15,3.48,3.51,3.53,3.47,245757.8
2018-06-19,3.46,3.31,3.5,3.22,449139.56
2018-06-20,3.28,3.32,3.34,3.27,193661.66
2018-06-21,3.31,3.27,3.36,3.25,235600.67
2018-06-22,3.25,3.29,3.29,3.22,218966.78
2018-06-25,3.31,3.22,3.32,3.2,192790.12
2018-06-26,3.18,3.17,3.18,3.11,260505.53
2018-06-27,3.15,3.14,3.23,3.11,300601.47
2018-06-28,3.11,3.14,3.17,3.09,241144.59
2018-06-29,3.15,3.19,3.2,3.13,229436.94
2018-07-02,3.17,3.08,3.18,3.07,247758.72
2018-07-03,3.08,3.12,3.13,3.05,238911.26
2018-07-04,3.11,3.11,3.13,3.07,168760.32
2018-07-05,3.09,3.07,3.14,3.06,189841.44
2018-07-06,3.07,3.1,3.12,3.01,252686.3
2018-07-09,3.1,3.2,3.21,3.09,355143.57
2018-07-10,3.22,3.18,3.22,3.15,222091.43
2018-07-11,3.15,3.11,3.15,3.04,244463.4
2018-07-12,3.09,3.19,3.21,3.09,286857.49
2018-07-13,3.2,3.17,3.2,3.14,180164.13
2018-07-16,3.15,3.12,3.18,3.11,137290.58
2018-07-17,3.14,3.14,3.14,3.11,126744.9
2018-07-18,3.14,3.13,3.18,3.13,140818.6
2018-07-19,3.13,3.11,3.16,3.08,204794.55
2018-07-20,3.1,3.28,3.32,3.07,606837.2
2018-07-23,3.23,3.3,3.34,3.2,527933.66
2018-07-24,3.29,3.34,3.39,3.27,500866.38
2018-07-25,3.34,3.3,3.35,3.29,270436.65
2018-07-26,3.31,3.28,3.32,3.26,280197.98
2018-07-27,3.28,3.27,3.29,3.25,171143.95
2018-07-30,3.27,3.29,3.32,3.25,255514.9
2018-07-31,3.28,3.34,3.38,3.26,310552.05
2018-08-01,3.32,3.22,3.36,3.21,258156.61
2018-08-02,3.2,3.12,3.23,3.08,314441.79
2018-08-03,3.12,3.11,3.16,3.11,143298.13
2018-08-06,3.12,3.11,3.18,3.09,189221.17
2018-08-07,3.11,3.2,3.2,3.1,241092.79
2018-08-08,3.18,3.17,3.21,3.15,165544.3
2018-08-09,3.14,3.24,3.25,3.14,224837.42
2018-08-10,3.22,3.22,3.26,3.19,170102.47
2018-08-13,3.18,3.19,3.2,3.13,170507.99
2018-08-14,3.18,3.18,3.2,3.16,104776.33
2018-08-15,3.18,3.11,3.18,3.11,136700.87
2018-08-16,3.1,3.1,3.14,3.07,160077.18
2018-08-17,3.12,3.07,3.14,3.07,116836.92
2018-08-20,3.07,3.13,3.13,3.07,118255.74
2018-08-21,3.12,3.17,3.19,3.12,187325.61
2018-08-22,3.17,3.14,3.17,3.13,110436.83
2018-08-23,3.13,3.14,3.17,3.11,168360.74
2018-08-24,3.14,3.23,3.3,3.13,417056.77
2018-08-27,3.22,3.25,3.25,3.2,327127.41
2018-08-28,3.25,3.24,3.27,3.22,196102.65
2018-08-29,3.22,3.22,3.25,3.21,136431.56
2018-08-30,3.22,3.22,3.25,3.2,200249.57
2018-08-31,3.23,3.24,3.29,3.22,353323.21
2018-09-03,3.23,3.22,3.24,3.19,182142.32
2018-09-04,3.23,3.28,3.32,3.21,273181.64
2018-09-05,3.26,3.26,3.34,3.25,444128.28
2018-09-06,3.25,3.25,3.29,3.23,183965.84
2018-09-07,3.23,3.25,3.3,3.22,170601.1
2018-09-10,3.23,3.21,3.24,3.19,166182.54
2018-09-11,3.21,3.18,3.22,3.18,191918.06
2018-09-12,3.18,3.18,3.2,3.17,211797.86
2018-09-13,3.2,3.22,3.23,3.18,288863.66
2018-09-14,3.22,3.21,3.22,3.19,175117.5
2018-09-17,3.19,3.18,3.2,3.17,151713.58
2018-09-18,3.18,3.25,3.25,3.17,268127.82
2018-09-19,3.23,3.26,3.29,3.22,361282.43
2018-09-20,3.27,3.25,3.28,3.24,210657.99
2018-09-21,3.26,3.36,3.38,3.24,650561.05
2018-09-25,3.32,3.31,3.32,3.29,276394.41
2018-09-26,3.32,3.33,3.39,3.3,352732.72
2018-09-27,3.32,3.32,3.33,3.29,265948.99
2018-09-28,3.33,3.37,3.43,3.32,555770.7
2018-10-08,3.31,3.25,3.31,3.24,397014.38
2018-10-09,3.25,3.25,3.27,3.22,178157.65
2018-10-10,3.24,3.26,3.28,3.23,128317.4
2018-10-11,3.18,3.04,3.19,3.0,473223.93
2018-10-12,3.03,3.07,3.1,3.0,308578.84
2018-10-15,3.07,3.03,3.08,3.01,182265.62
2018-10-16,3.03,3.03,3.09,3.02,189199.9
2018-10-17,3.06,3.07,3.09,3.03,175191.47
2018-10-18,3.06,3.01,3.07,3.0,187510.73
2018-10-19,3.0,3.1,3.11,2.94,322268.79
2018-10-22,3.1,3.28,3.32,3.09,522172.67
2018-10-23,3.25,3.19,3.3,3.18,314149.62
2018-10-24,3.18,3.34,3.54,3.18,811643.84
2018-10-25,3.24,3.39,3.4,3.21,557506.28
2018-10-26,3.39,3.36,3.41,3.32,328156.18
2018-10-29,3.35,3.27,3.41,3.25,242856.22
2018-10-30,3.3,3.38,3.45,3.29,426725.74
2018-10-31,3.4,3.39,3.43,3.36,378931.24
2018-11-01,3.39,3.39,3.47,3.38,361544.05
2018-11-02,3.43,3.48,3.5,3.4,520916.85
2018-11-05,3.46,3.42,3.46,3.39,308578.37
2018-11-06,3.4,3.39,3.42,3.36,192408.28
2018-11-07,3.4,3.36,3.43,3.36,208916.85
2018-11-08,3.4,3.38,3.41,3.36,195406.51
2018-11-09,3.36,3.32,3.36,3.29,305766.09
2018-11-12,3.32,3.39,3.4,3.3,206735.76
2018-11-13,3.34,3.43,3.47,3.33,297931.76
2018-11-14,3.41,3.4,3.45,3.39,190874.13
2018-11-15,3.39,3.43,3.44,3.39,255146.01
2018-11-16,3.44,3.47,3.52,3.42,440442.2
2018-11-19,3.47,3.51,3.53,3.47,393398.37
2018-11-20,3.48,3.42,3.5,3.42,317766.37
2018-11-21,3.39,3.4,3.41,3.37,240687.37
2018-11-22,3.39,3.39,3.4,3.36,175087.16
2018-11-23,3.39,3.33,3.4,3.32,294862.54
2018-11-26,3.32,3.32,3.37,3.32,178364.41
2018-11-27,3.35,3.32,3.35,3.31,199154.02
2018-11-28,3.32,3.36,3.36,3.31,187575.54
2018-11-29,3.36,3.33,3.39,3.32,162550.83
2018-11-30,3.33,3.31,3.33,3.29,212772.3
2018-12-03,3.36,3.37,3.41,3.35,320484.78
2018-12-04,3.37,3.38,3.38,3.36,254271.27
2018-12-05,3.34,3.34,3.35,3.31,254351.96
2018-12-06,3.32,3.25,3.32,3.24,361332.45
2018-12-07,3.25,3.24,3.26,3.22,190349.1
2018-12-10,3.22,3.18,3.22,3.18,166740.66
2018-12-11,3.2,3.18,3.2,3.17,122002.71
2018-12-12,3.19,3.18,3.2,3.16,134348.02
2018-12-13,3.18,3.21,3.23,3.15,270372.92
2018-12-14,3.2,3.14,3.21,3.14,204272.21
2018-12-17,3.13,3.11,3.15,3.1,235760.65
2018-12-18,3.1,3.07,3.13,3.07,194519.59
2018-12-19,3.08,3.07,3.1,3.07,156137.37
2018-12-20,3.07,3.06,3.08,3.04,242026.49
2018-12-21,3.04,3.02,3.05,2.99,368305.38
2018-12-24,2.98,2.99,3.0,2.98,288030.55
2018-12-25,2.98,2.94,2.98,2.92,398930.41
2018-12-26,2.94,2.93,2.96,2.91,302969.15
2018-12-27,2.98,2.93,2.99,2.92,443596.0
2018-12-28,2.93,2.99,2.99,2.93,279393.3
2019-01-02,2.98,2.96,2.98,2.93,178267.08
2019-01-03,2.95,2.99,3.0,2.95,151427.62
2019-01-04,2.96,3.08,3.09,2.94,314944.32
2019-01-07,3.09,3.07,3.09,3.04,226994.26
2019-01-08,3.06,3.06,3.07,3.04,178564.47
2019-01-09,3.06,3.06,3.11,3.05,369049.87
2019-01-10,3.05,3.03,3.06,3.02,216969.14
2019-01-11,3.03,3.05,3.08,3.03,188075.72
2019-01-14,3.05,3.02,3.05,3.0,178594.23
2019-01-15,3.02,3.05,3.07,3.01,180347.62
2019-01-16,3.06,3.05,3.07,3.04,125270.54
2019-01-17,3.05,3.05,3.07,3.04,161335.96
2019-01-18,3.07,3.11,3.11,3.05,293168.47
2019-01-21,3.11,3.09,3.12,3.07,258224.98
2019-01-22,3.08,3.07,3.09,3.05,248876.07
2019-01-23,3.06,3.07,3.09,3.06,185975.26
2019-01-24,3.07,3.1,3.11,3.07,151747.73
2019-01-25,3.11,3.13,3.15,3.1,285524.95
2019-01-28,3.15,3.13,3.17,3.11,223218.73
2019-01-29,3.13,3.14,3.15,3.09,229148.96
2019-01-30,3.13,3.14,3.16,3.11,154873.0
2019-01-31,3.15,3.18,3.21,3.14,316235.45
2019-02-01,3.18,3.21,3.21,3.15,241535.25
2019-02-11,3.19,3.24,3.25,3.18,267392.81
2019-02-12,3.27,3.24,3.27,3.22,276510.26
2019-02-13,3.27,3.3,3.32,3.23,367286.9
2019-02-14,3.29,3.29,3.32,3.28,234045.19
2019-02-15,3.29,3.23,3.29,3.23,234498.15
2019-02-18,3.25,3.32,3.32,3.24,311092.96
2019-02-19,3.32,3.32,3.38,3.29,448096.98
2019-02-20,3.31,3.3,3.33,3.28,227694.84
2019-02-21,3.29,3.27,3.33,3.26,321855.81
2019-02-22,3.27,3.38,3.39,3.24,530871.91
2019-02-25,3.41,3.79,3.85,3.41,1720633.12
2019-02-26,3.79,3.67,3.8,3.65,1023825.13
2019-02-27,3.67,3.86,4.08,3.65,1666561.55
2019-02-28,3.87,3.87,3.97,3.84,983675.85
2019-03-01,3.91,3.99,4.01,3.82,838639.35
2019-03-04,4.07,4.12,4.3,4.05,1652634.35
2019-03-05,4.07,4.15,4.21,4.03,834999.03
2019-03-06,4.18,4.22,4.24,4.12,869229.61
2019-03-07,4.21,4.22,4.32,4.11,1087614.93
2019-03-08,4.09,3.88,4.12,3.86,1167031.35
2019-03-11,3.88,4.0,4.01,3.85,617880.35
2019-03-12,4.14,4.08,4.18,3.99,1009167.35
2019-03-13,4.09,4.0,4.09,3.99,873520.84
2019-03-14,3.91,3.8,3.95,3.78,952239.3
2019-03-15,3.82,3.82,3.88,3.8,519834.82
2019-03-18,3.86,3.96,3.97,3.82,526080.02
2019-03-19,3.98,3.93,4.0,3.9,530513.04
2019-03-20,3.9,3.92,3.93,3.85,534211.55
2019-03-21,3.93,3.9,3.93,3.87,493200.54
2019-03-22,3.9,3.86,3.93,3.81,384751.07
2019-03-25,3.79,3.77,3.82,3.76,419171.7
2019-03-26,3.79,3.72,3.81,3.72,450921.63
2019-03-27,3.75,3.8,3.84,3.74,337403.85
2019-03-28,3.8,3.75,3.8,3.75,231631.71
2019-03-29,3.77,3.9,3.91,3.76,553788.39
2019-04-01,3.91,4.0,4.02,3.89,751552.12
2019-04-02,4.0,3.97,4.04,3.95,430310.65
2019-04-03,3.93,3.99,4.0,3.9,413775.66
2019-04-04,4.01,4.07,4.1,4.0,824830.33
2019-04-08,4.11,4.12,4.26,4.06,1009763.26
2019-04-09,4.12,4.05,4.15,4.02,447114.34
2019-04-10,4.04,4.03,4.05,3.99,380732.98
2019-04-11,4.04,3.97,4.07,3.96,325657.75
2019-04-12,3.97,3.97,4.0,3.95,257250.93
2019-04-15,4.03,4.0,4.09,3.99,568750.63
2019-04-16,3.98,4.18,4.18,3.96,933120.15
2019-04-17,4.15,4.18,4.19,4.12,626886.37
2019-04-18,4.19,4.12,4.2,4.11,289225.1
2019-04-19,4.12,4.11,4.17,4.06,388957.33
2019-04-22,4.11,4.0,4.12,3.99,377666.52
2019-04-23,4.0,3.98,4.03,3.96,229270.59
2019-04-24,4.0,3.97,4.01,3.91,230813.81
2019-04-25,3.94,3.88,3.99,3.86,286015.62
2019-04-26,3.83,3.82,3.87,3.79,362494.29
2019-04-29,3.9,3.93,3.97,3.87,605391.95
2019-04-30,3.95,4.06,4.06,3.92,549883.26
2019-05-06,3.99,4.03,4.17,3.92,1216709.95
2019-05-07,4.04,4.12,4.14,3.98,833941.94
2019-05-08,4.03,4.11,4.26,3.99,1067915.58
2019-05-09,4.03,3.95,4.1,3.95,474638.04
2019-05-10,3.98,4.12,4.15,3.98,579578.99
2019-05-13,4.08,4.11,4.18,4.06,520476.07
2019-05-14,4.07,4.15,4.23,4.05,589456.97
2019-05-15,4.17,4.16,4.19,4.11,404265.35
2019-05-16,4.16,4.13,4.17,4.1,369495.03
2019-05-17,4.14,4.03,4.15,4.0,395098.23
2019-05-20,3.9,3.92,3.94,3.83,474178.27
2019-05-21,3.9,4.02,4.02,3.9,281493.3
2019-05-22,4.0,4.04,4.06,4.0,208186.54
2019-05-23,4.04,4.0,4.05,3.99,200387.44
2019-05-24,3.99,4.06,4.07,3.99,205494.05
2019-05-27,4.0,4.06,4.09,3.95,445617.73
2019-05-28,4.05,4.09,4.09,4.0,426162.7
2019-05-29,4.07,4.01,4.07,4.01,298480.14
2019-05-30,4.01,4.01,4.02,3.97,157224.73
2019-05-31,4.04,4.0,4.04,4.0,162271.81
2019-06-03,4.01,4.01,4.05,3.96,189713.38
2019-06-04,4.0,3.98,4.01,3.96,160570.11
2019-06-05,4.01,3.96,4.03,3.95,209748.55
2019-06-06,3.96,3.97,3.99,3.93,170849.5
2019-06-10,3.99,4.0,4.04,3.97,177725.38
2019-06-11,4.0,4.07,4.09,4.0,310981.52
2019-06-12,4.06,4.01,4.06,3.97,215220.18
2019-06-13,4.01,3.97,4.01,3.97,157165.2
2019-06-14,3.99,3.97,4.0,3.96,209961.2
2019-06-17,4.0,3.97,4.01,3.97,127738.87
2019-06-18,3.98,3.97,3.98,3.95,110776.21
2019-06-19,4.02,4.0,4.04,3.98,278188.42
2019-06-20,4.0,4.08,4.14,3.99,541814.01
2019-06-21,4.07,4.07,4.1,4.06,357062.49
2019-06-24,4.07,4.07,4.07,4.04,170706.31
2019-06-25,4.06,3.99,4.07,3.97,272870.09
2019-06-26,3.98,4.0,4.02,3.97,122621.96
2019-06-27,4.02,4.0,4.05,4.0,170264.37
2019-06-28,4.0,4.0,4.02,3.97,172003.67
2019-07-01,4.04,4.05,4.07,4.02,214024.81
2019-07-02,4.05,4.06,4.08,4.03,253164.94
2019-07-03,4.06,4.06,4.07,4.03,173483.37
2019-07-04,4.07,4.08,4.08,4.04,297397.67
2019-07-05,4.09,4.05,4.1,4.04,177343.56
2019-07-08,4.04,3.97,4.05,3.97,262025.4
2019-07-09,3.97,3.98,3.99,3.96,101949.97
2019-07-10,3.98,3.95,3.99,3.92,178777.5
2019-07-11,3.97,3.96,3.98,3.93,180299.12
2019-07-12,3.97,3.95,3.97,3.91,188196.68
2019-07-15,3.94,3.91,3.95,3.84,266638.34
2019-07-16,3.91,3.92,3.95,3.9,147629.63
2019-07-17,3.93,3.93,3.93,3.9,107611.32
2019-07-18,3.93,3.91,3.93,3.9,99193.16
2019-07-19,3.92,3.96,3.99,3.92,147899.01
2019-07-22,4.0,3.96,4.0,3.93,154376.99
2019-07-23,3.95,4.04,4.04,3.95,210979.61
2019-07-24,4.05,4.02,4.07,4.01,266151.48
2019-07-25,4.03,4.07,4.07,4.02,301617.68
2019-07-26,4.07,4.07,4.09,4.05,200805.1
2019-07-29,4.07,4.07,4.11,4.06,324531.49
2019-07-30,4.06,4.07,4.09,4.05,316464.6
2019-07-31,4.06,4.03,4.07,4.02,249344.33
2019-08-01,4.05,3.93,4.06,3.93,446597.09
2019-08-02,3.9,3.98,4.01,3.88,357427.97
2019-08-05,3.97,3.93,4.0,3.93,205807.82
2019-08-06,3.9,3.92,3.94,3.88,281494.67
2019-08-07,3.93,3.92,3.96,3.92,176782.67
2019-08-08,3.94,3.92,3.95,3.9,248594.48
2019-08-09,3.93,3.93,3.95,3.91,182062.13
2019-08-12,3.91,3.95,3.95,3.9,184781.84
2019-08-13,3.93,3.91,3.94,3.9,133824.73
2019-08-14,3.94,3.89,3.94,3.89,167024.8
2019-08-15,3.86,3.88,3.89,3.83,169655.21
2019-08-16,3.87,3.82,3.88,3.82,304945.13
2019-08-19,3.81,3.82,3.82,3.67,382295.59
2019-08-20,3.8,3.78,3.82,3.77,238382.38
2019-08-21,3.8,3.76,3.8,3.74,206676.75
2019-08-22,3.77,3.75,3.78,3.74,142356.96
2019-08-23,3.76,3.77,3.78,3.74,190546.1
2019-08-26,3.72,3.73,3.75,3.71,184613.57
2019-08-27,3.74,3.8,3.84,3.74,375426.99
2019-08-28,3.81,3.83,3.84,3.8,120624.25
2019-08-29,3.83,3.8,3.85,3.79,88023.91
2019-08-30,3.82,3.81,3.85,3.79,158764.36
2019-09-02,3.82,3.82,3.85,3.81,187523.44
2019-09-03,3.84,3.85,3.85,3.82,116055.8
2019-09-04,3.85,3.88,3.9,3.83,225972.29
2019-09-05,3.89,3.95,4.0,3.89,350150.95
2019-09-06,3.96,3.97,3.98,3.93,279596.28
2019-09-09,4.03,3.99,4.04,3.97,203917.85
2019-09-10,3.97,3.96,4.0,3.94,128003.12
2019-09-11,3.98,4.0,4.0,3.96,189677.25
2019-09-12,4.0,4.0,4.01,3.98,128006.82
2019-09-16,4.0,3.97,4.02,3.94,149985.14
2019-09-17,3.94,3.86,3.95,3.85,285332.4
2019-09-18,3.88,3.86,3.89,3.85,131146.42
2019-09-19,3.89,3.86,3.89,3.84,100291.0
2019-09-20,3.87,3.88,3.89,3.86,183438.12
2019-09-23,3.86,3.82,3.87,3.81,174986.01
2019-09-24,3.84,3.84,3.87,3.83,88009.27
2019-09-25,3.84,3.85,3.87,3.81,120235.26
2019-09-26,3.87,3.9,3.93,3.85,241356.2
2019-09-27,3.9,3.9,3.91,3.84,182105.08
2019-09-30,3.87,3.83,3.92,3.83,182654.14
2019-10-08,3.83,3.87,3.9,3.82,175554.5
2019-10-09,3.85,3.93,3.97,3.83,287062.49
2019-10-10,3.94,3.94,3.96,3.92,146053.43
2019-10-11,3.95,4.0,4.03,3.93,412848.89
2019-10-14,4.04,4.2,4.26,4.04,1108489.33
2019-10-15,4.18,4.22,4.31,4.16,850869.68
2019-10-16,4.25,4.18,4.3,4.15,600975.66
2019-10-17,4.22,4.14,4.24,4.13,491759.19
2019-10-18,4.17,4.07,4.23,4.07,478288.63
2019-10-21,4.1,4.12,4.15,4.06,312287.16
2019-10-22,4.12,4.08,4.14,4.04,288387.1
2019-10-23,4.09,4.07,4.11,4.05,227486.39
2019-10-24,4.07,4.13,4.17,4.07,410068.32
2019-10-25,4.16,4.16,4.17,4.07,313630.7
2019-10-28,4.21,4.17,4.25,4.15,387993.05
2019-10-29,4.15,4.1,4.16,4.08,363422.67
2019-10-30,4.1,4.15,4.18,4.09,404568.46
2019-10-31,4.14,4.11,4.15,4.07,318885.44
2019-11-01,4.11,4.25,4.25,4.1,685449.56
2019-11-04,4.25,4.26,4.3,4.21,633793.93
2019-11-05,4.26,4.35,4.4,4.25,1061387.15
2019-11-06,4.36,4.32,4.39,4.29,599956.45
2019-11-07,4.32,4.3,4.33,4.27,488217.84
2019-11-08,4.32,4.22,4.32,4.22,475490.41
2019-11-11,4.2,4.14,4.22,4.13,437864.42
2019-11-12,4.14,4.16,4.18,4.13,397384.77
2019-11-13,4.16,4.15,4.16,4.11,302370.85
2019-11-14,4.16,4.11,4.16,4.1,377695.6
2019-11-15,4.11,4.08,4.12,4.07,278300.32
2019-11-18,4.07,4.08,4.11,4.05,444622.22
2019-11-19,4.08,4.04,4.1,4.04,549235.58
2019-11-20,4.05,4.04,4.07,4.04,373547.35
2019-11-21,4.04,4.0,4.04,4.0,422980.5
2019-11-22,4.01,4.0,4.04,3.99,297572.14
2019-11-25,4.0,4.07,4.07,4.0,380026.15
2019-11-26,4.07,4.05,4.11,4.05,515753.79
2019-11-27,4.07,4.0,4.07,3.98,423343.95
2019-11-28,4.0,3.93,4.0,3.92,349379.08
2019-11-29,3.93,3.98,3.99,3.93,269868.06
2019-12-02,3.97,4.02,4.04,3.96,318534.09
2019-12-03,4.04,4.06,4.07,4.01,320988.05
2019-12-04,4.07,4.05,4.07,4.03,194643.86
2019-12-05,4.07,4.07,4.09,4.05,260622.28
2019-12-06,4.09,4.11,4.11,4.06,229950.42
2019-12-09,4.11,4.11,4.13,4.1,252469.07
2019-12-10,4.12,4.12,4.15,4.1,242649.06
2019-12-11,4.13,4.16,4.17,4.12,304366.53
2019-12-12,4.16,4.18,4.19,4.15,381280.27
2019-12-13,4.19,4.18,4.23,4.18,638473.31
2019-12-16,4.2,4.2,4.22,4.16,459942.33
2019-12-17,4.21,4.26,4.28,4.18,779490.21
2019-12-18,4.24,4.23,4.27,4.22,556906.08
2019-12-19,4.23,4.24,4.29,4.22,425685.4
2019-12-20,4.24,4.21,4.25,4.2,462368.32
2019-12-23,4.22,4.16,4.25,4.14,398545.7
2019-12-24,4.18,4.18,4.18,4.15,191020.86
2019-12-25,4.17,4.17,4.18,4.15,132980.49
2019-12-26,4.17,4.22,4.22,4.16,161537.22
2019-12-27,4.22,4.21,4.25,4.18,261122.65
2019-12-30,4.18,4.22,4.24,4.15,250797.47
2019-12-31,4.22,4.25,4.25,4.21,230931.06
2020-01-02,4.29,4.27,4.32,4.27,555816.02
2020-01-03,4.26,4.25,4.29,4.25,258298.45
2020-01-06,4.23,4.18,4.25,4.15,519575.41
2020-01-07,4.18,4.25,4.27,4.18,407341.77
2020-01-08,4.22,4.16,4.24,4.16,359004.99
2020-01-09,4.21,4.18,4.22,4.17,282473.29
2020-01-10,4.19,4.21,4.21,4.18,185330.25
2020-01-13,4.19,4.24,4.24,4.18,199954.03
2020-01-14,4.24,4.21,4.26,4.19,296665.96
2020-01-15,4.21,4.16,4.21,4.15,280034.31
2020-01-16,4.17,4.14,4.19,4.14,205035.7
2020-01-17,4.14,4.14,4.18,4.12,250834.25
2020-01-20,4.12,4.16,4.16,4.1,234204.88
2020-01-21,4.15,4.11,4.15,4.11,212120.94
2020-01-22,4.13,4.15,4.17,4.07,281537.9
2020-01-23,4.11,4.02,4.13,3.98,361183.26
2020-02-03,3.52,3.67,3.67,3.48,810762.21
2020-02-04,3.63,3.74,3.86,3.61,456214.29
2020-02-05,3.75,3.71,3.78,3.68,347105.19
2020-02-06,3.72,3.73,3.75,3.67,357318.37
2020-02-07,3.72,3.72,3.72,3.65,414849.23
2020-02-10,3.68,3.69,3.71,3.67,271021.65
2020-02-11,3.69,3.72,3.75,3.69,286943.91
2020-02-12,3.72,3.74,3.75,3.69,225405.85
2020-02-13,3.74,3.7,3.77,3.69,195082.93
2020-02-14,3.69,3.72,3.73,3.68,165562.76
2020-02-17,3.71,3.81,3.81,3.71,350449.41
2020-02-18,3.79,3.76,3.8,3.75,288648.0
2020-02-19,3.76,3.75,3.79,3.74,273116.28
2020-02-20,3.75,3.83,3.84,3.74,428565.86
2020-02-21,3.81,3.82,3.85,3.79,323730.11
2020-02-24,3.79,3.78,3.84,3.77,298904.04
2020-02-25,3.72,3.71,3.74,3.68,335783.84
2020-02-26,3.68,3.72,3.78,3.67,402480.09
2020-02-27,3.71,3.73,3.74,3.7,239399.55
2020-02-28,3.67,3.57,3.71,3.57,501354.72
2020-03-02,3.59,3.67,3.68,3.59,371647.03
2020-03-03,3.7,3.68,3.72,3.68,325123.58
2020-03-04,3.67,3.68,3.7,3.65,240469.75
2020-03-05,3.71,3.79,3.81,3.68,636638.4
2020-03-06,3.75,3.72,3.77,3.71,393123.9
2020-03-09,3.67,3.6,3.67,3.59,433006.74
2020-03-10,3.57,3.64,3.67,3.57,352017.78
2020-03-11,3.64,3.6,3.65,3.6,285716.1
2020-03-12,3.58,3.54,3.62,3.54,352504.96
2020-03-13,3.43,3.49,3.5,3.39,524702.05
2020-03-16,3.5,3.36,3.5,3.36,488269.05
2020-03-17,3.36,3.38,3.42,3.34,373467.05
2020-03-18,3.39,3.3,3.41,3.3,298074.6
2020-03-19,3.29,3.28,3.33,3.21,409457.4
2020-03-20,3.31,3.32,3.32,3.25,242998.83
2020-03-23,3.24,3.2,3.26,3.19,265867.87
2020-03-24,3.24,3.3,3.3,3.24,253278.13
2020-03-25,3.36,3.35,3.39,3.32,251296.98
2020-03-26,3.32,3.37,3.43,3.31,309372.76
2020-03-27,3.4,3.39,3.43,3.37,204457.5
2020-03-30,3.35,3.34,3.36,3.29,232521.21
2020-03-31,3.37,3.29,3.38,3.28,259223.1
2020-04-01,3.29,3.27,3.32,3.26,206321.88
2020-04-02,3.25,3.29,3.29,3.24,434314.23
2020-04-03,3.26,3.25,3.27,3.24,232322.16
2020-04-07,3.31,3.29,3.32,3.28,281223.89
2020-04-08,3.28,3.28,3.3,3.27,223661.89
2020-04-09,3.29,3.28,3.3,3.27,170580.63
2020-04-10,3.29,3.29,3.29,3.27,195879.9
2020-04-13,3.24,3.22,3.24,3.21,251573.35
2020-04-14,3.22,3.24,3.25,3.21,292495.91
2020-04-15,3.23,3.2,3.23,3.19,278004.01
2020-04-16,3.2,3.2,3.21,3.18,224715.68
2020-04-17,3.22,3.22,3.22,3.18,288883.21
2020-04-20,3.22,3.2,3.22,3.19,201857.06
2020-04-21,3.19,3.16,3.2,3.14,254535.46
2020-04-22,3.15,3.15,3.16,3.13,322288.71
2020-04-23,3.15,3.11,3.15,3.1,370894.89
2020-04-24,3.1,3.07,3.1,3.04,294052.35
2020-04-27,3.07,3.12,3.15,3.07,349467.55
2020-04-28,3.13,3.09,3.13,3.04,271822.48
2020-04-29,3.13,3.31,3.32,3.12,1021051.33
2020-04-30,3.3,3.31,3.36,3.29,562378.78
2020-05-06,3.25,3.29,3.3,3.24,460012.13
2020-05-07,3.29,3.28,3.29,3.25,299577.09
2020-05-08,3.29,3.32,3.34,3.29,299077.03
2020-05-11,3.33,3.3,3.35,3.3,270142.75
2020-05-12,3.3,3.26,3.32,3.25,207748.57
2020-05-13,3.25,3.25,3.26,3.23,226866.71
2020-05-14,3.23,3.22,3.23,3.2,185191.64
2020-05-15,3.24,3.24,3.25,3.22,149400.31
2020-05-18,3.24,3.25,3.26,3.22,200190.01
2020-05-19,3.28,3.25,3.29,3.25,201471.81
2020-05-20,3.25,3.27,3.29,3.21,246150.26
2020-05-21,3.28,3.23,3.28,3.22,161156.0
2020-05-22,3.23,3.16,3.24,3.16,227677.25
2020-05-25,3.17,3.14,3.17,3.11,195063.34
2020-05-26,3.16,3.17,3.18,3.14,165430.3
2020-05-27,3.17,3.22,3.24,3.15,219271.05
2020-05-28,3.24,3.25,3.3,3.22,272956.86
2020-05-29,3.24,3.22,3.25,3.22,184370.67
2020-06-01,3.24,3.27,3.28,3.23,240856.04
2020-06-02,3.26,3.28,3.29,3.25,216547.11
2020-06-03,3.29,3.28,3.35,3.28,279866.33
2020-06-04,3.29,3.24,3.29,3.23,191178.76
2020-06-05,3.25,3.25,3.25,3.22,172852.11
2020-06-08,3.26,3.25,3.27,3.25,196468.33
2020-06-09,3.26,3.27,3.29,3.25,196339.85
2020-06-10,3.27,3.23,3.28,3.22,257349.12
2020-06-11,3.23,3.2,3.24,3.18,262731.8
2020-06-12,3.17,3.23,3.23,3.15,266760.13
2020-06-15,3.22,3.18,3.22,3.18,203682.44
2020-06-16,3.21,3.2,3.22,3.19,179200.49
2020-06-17,3.21,3.2,3.22,3.18,179619.61
2020-06-18,3.19,3.21,3.23,3.18,240337.22
2020-06-19,3.2,3.22,3.24,3.19,266498.2
2020-06-22,3.23,3.25,3.28,3.22,323681.27
2020-06-23,3.25,3.22,3.26,3.21,304952.53
2020-06-24,3.24,3.25,3.28,3.22,355488.23
2020-06-29,3.28,3.23,3.3,3.22,246237.4
2020-06-30,3.24,3.24,3.26,3.22,227298.55
2020-07-01,3.24,3.32,3.32,3.23,414431.4
2020-07-02,3.31,3.48,3.48,3.3,869775.24
2020-07-03,3.51,3.54,3.6,3.46,941797.71
2020-07-06,3.64,4.02,4.02,3.64,1946501.25
2020-07-07,4.17,3.96,4.27,3.96,2021159.77
2020-07-08,3.91,4.07,4.1,3.89,1285844.43
2020-07-09,4.05,4.02,4.07,3.94,1060936.29
2020-07-10,3.89,3.78,3.93,3.75,1435835.73
2020-07-13,3.73,3.83,3.85,3.71,1053692.68
2020-07-14,3.82,3.72,3.82,3.69,761458.67
2020-07-15,3.76,3.67,3.79,3.64,706014.8
2020-07-16,3.65,3.64,3.73,3.61,995394.86
2020-07-17,3.66,3.58,3.68,3.56,583273.31
2020-07-20,3.6,3.69,3.72,3.57,618607.52
2020-07-21,3.7,3.64,3.71,3.62,434916.13
2020-07-22,3.64,3.67,3.73,3.61,555465.16
2020-07-23,3.64,3.6,3.65,3.54,485124.75
2020-07-24,3.58,3.47,3.6,3.46,542582.28
2020-07-27,3.5,3.49,3.51,3.43,290863.91
2020-07-28,3.51,3.49,3.53,3.46,248873.46
2020-07-29,3.47,3.55,3.57,3.46,299038.32
2020-07-30,3.56,3.51,3.57,3.49,275455.73
2020-07-31,3.49,3.53,3.57,3.49,315157.27
2020-08-03,3.58,3.57,3.58,3.53,417200.64
2020-08-04,3.58,3.68,3.72,3.54,825160.41
2020-08-05,3.67,3.62,3.67,3.59,446433.72
2020-08-06,3.62,3.64,3.67,3.58,336815.44
2020-08-07,3.62,3.58,3.64,3.55,338707.43
2020-08-10,3.59,3.64,3.67,3.56,447491.06
2020-08-11,3.64,3.63,3.75,3.62,692197.29
2020-08-12,3.64,3.65,3.7,3.6,442103.45
2020-08-13,3.67,3.68,3.7,3.64,376029.12
2020-08-14,3.7,3.84,3.86,3.67,1037613.29
2020-08-17,3.89,3.94,4.06,3.89,1908915.9
2020-08-18,3.93,3.85,3.95,3.82,957709.5
2020-08-19,3.86,3.85,3.96,3.85,893334.99
2020-08-20,3.84,3.85,3.91,3.82,647805.35
2020-08-21,3.87,3.82,3.89,3.8,424778.9
2020-08-24,3.82,3.8,3.86,3.79,371179.1
2020-08-25,3.82,3.74,3.85,3.73,431605.83
2020-08-26,3.74,3.7,3.77,3.67,388280.57
2020-08-27,3.7,3.73,3.74,3.67,253649.71
2020-08-28,3.72,3.85,3.86,3.7,545922.6
2020-08-31,3.88,3.82,3.95,3.81,537582.69
2020-09-01,3.84,3.89,3.9,3.81,456388.57
2020-09-02,3.89,3.82,3.9,3.81,388482.72
2020-09-03,3.83,3.85,3.86,3.8,311995.62
2020-09-04,3.8,3.86,3.89,3.78,381619.58
2020-09-07,3.85,3.86,3.95,3.82,399106.94
2020-09-08,3.85,3.96,4.0,3.85,555541.7
2020-09-09,3.92,3.89,3.99,3.87,494422.92
2020-09-10,3.92,3.87,3.96,3.87,379191.8
2020-09-11,3.86,3.75,3.89,3.72,775522.33
2020-09-14,3.75,3.74,3.77,3.68,415840.76
2020-09-15,3.74,3.81,3.84,3.7,412744.04
2020-09-16,3.81,3.88,3.92,3.79,542907.85
2020-09-17,3.88,3.85,3.92,3.82,288705.35
2020-09-18,3.85,3.95,3.96,3.81,622114.17
2020-09-21,3.96,3.92,3.96,3.89,297369.74
2020-09-22,3.88,3.78,3.89,3.77,575050.95
2020-09-23,3.78,3.76,3.81,3.75,302700.44
2020-09-24,3.75,3.71,3.79,3.71,307971.96
2020-09-25,3.73,3.74,3.78,3.71,226089.34
2020-09-28,3.74,3.72,3.75,3.67,178113.57
2020-09-29,3.74,3.66,3.74,3.66,318795.09
2020-09-30,3.66,3.56,3.67,3.53,530285.63
2020-10-09,3.57,3.58,3.62,3.57,363562.28
2020-10-12,3.58,3.7,3.73,3.57,392627.87
2020-10-13,3.7,3.67,3.71,3.64,315231.71
2020-10-14,3.68,3.65,3.7,3.64,243996.61
2020-10-15,3.66,3.66,3.74,3.64,549674.51
2020-10-16,3.66,3.73,3.78,3.64,838987.72
2020-10-19,3.75,3.77,3.89,3.72,780212.28
2020-10-20,3.74,3.71,3.76,3.67,403619.54
2020-10-21,3.71,3.8,3.81,3.67,484743.8
2020-10-22,3.78,3.76,3.85,3.71,449135.11
2020-10-23,3.74,3.81,3.88,3.74,732079.58
2020-10-26,3.83,3.68,3.84,3.66,604878.73
2020-10-27,3.65,3.63,3.67,3.61,347747.56
2020-10-28,3.62,3.58,3.64,3.56,410960.4
2020-10-29,3.53,3.57,3.58,3.53,374348.03
2020-10-30,3.57,3.5,3.6,3.48,556843.08
2020-11-02,3.5,3.47,3.53,3.46,436699.45
2020-11-03,3.49,3.49,3.53,3.48,582999.64
2020-11-04,3.52,3.49,3.53,3.46,391849.93
2020-11-05,3.52,3.51,3.53,3.48,434466.43
2020-11-06,3.51,3.5,3.52,3.48,349425.29
2020-11-09,3.51,3.56,3.57,3.5,577814.74
2020-11-10,3.58,3.54,3.61,3.53,553046.76
2020-11-11,3.54,3.56,3.6,3.53,467145.45
2020-11-12,3.57,3.53,3.57,3.51,333121.04
2020-11-13,3.52,3.48,3.53,3.45,641980.64
2020-11-16,3.48,3.5,3.51,3.47,346921.87
2020-11-17,3.5,3.52,3.54,3.49,473424.45
2020-11-18,3.53,3.57,3.62,3.52,722790.54
2020-11-19,3.57,3.57,3.6,3.55,445767.78
2020-11-20,3.57,3.55,3.58,3.54,301462.37
2020-11-23,3.54,3.6,3.63,3.54,558730.24
2020-11-24,3.6,3.57,3.63,3.57,323791.97
2020-11-25,3.61,3.56,3.64,3.55,429354.41
2020-11-26,3.55,3.55,3.58,3.53,478185.69
2020-11-27,3.55,3.67,3.67,3.54,955022.67
2020-11-30,3.73,3.67,3.86,3.67,1561992.65
2020-12-01,3.69,3.83,3.85,3.66,1226376.46
2020-12-02,3.82,3.77,3.84,3.75,784158.84
2020-12-03,3.78,3.8,3.83,3.71,1174927.99
2020-12-04,3.82,3.69,3.82,3.65,1150838.65
2020-12-07,3.66,3.55,3.69,3.54,1246828.67
2020-12-08,3.55,3.44,3.57,3.43,2197964.25
2020-12-17,3.37,3.39,3.43,3.31,935838.33
2020-12-18,3.38,3.38,3.47,3.36,643735.81
2020-12-21,3.38,3.41,3.43,3.34,469282.34
2020-12-22,3.4,3.3,3.41,3.29,573722.23
2020-12-23,3.3,3.21,3.32,3.17,797491.02
2020-12-24,3.21,3.17,3.25,3.16,441000.71
2020-12-25,3.17,3.19,3.21,3.14,328067.44
2020-12-28,3.16,3.17,3.23,3.16,504758.64
2020-12-29,3.19,3.19,3.2,3.17,377080.17
2020-12-30,3.18,3.2,3.2,3.14,424206.87
2020-12-31,3.19,3.26,3.29,3.18,544667.65
2021-01-04,3.24,3.23,3.25,3.17,592855.22
2021-01-05,3.21,3.21,3.22,3.16,517492.07
2021-01-06,3.2,3.22,3.23,3.17,558824.76
2021-01-07,3.22,3.19,3.24,3.15,581331.94
2021-01-08,3.2,3.19,3.22,3.17,516176.07
2021-01-11,3.19,3.18,3.26,3.18,635616.83
2021-01-12,3.18,3.17,3.19,3.1,647824.42
2021-01-13,3.16,3.18,3.21,3.11,516708.89
2021-01-14,3.16,3.21,3.3,3.13,1060804.08
2021-01-15,3.28,3.31,3.42,3.27,1815949.62
2021-01-18,3.3,3.32,3.37,3.26,1011442.03
2021-01-19,3.42,3.39,3.47,3.35,1563729.04
2021-01-20,3.38,3.33,3.44,3.32,820972.86
2021-01-21,3.35,3.33,3.38,3.31,817874.18
2021-01-22,3.32,3.24,3.33,3.21,867981.81
2021-01-25,3.23,3.25,3.26,3.19,730309.96
2021-01-26,3.22,3.29,3.35,3.22,899387.63
2021-01-27,3.27,3.34,3.42,3.27,922103.52
2021-01-28,3.3,3.25,3.32,3.22,685397.73
2021-01-29,3.26,3.32,3.37,3.23,1039508.96
2021-02-01,3.3,3.37,3.4,3.27,906621.17
2021-02-02,3.37,3.33,3.41,3.28,1049660.48
2021-02-03,3.31,3.36,3.41,3.27,1015829.96
2021-02-04,3.34,3.43,3.46,3.33,1402288.02
2021-02-05,3.41,3.58,3.63,3.41,2002625.32
2021-02-08,3.59,3.54,3.59,3.47,1255663.96
2021-02-09,3.54,3.53,3.56,3.46,989556.56
2021-02-10,3.54,3.48,3.62,3.47,1104765.33
2021-02-18,3.51,3.56,3.6,3.47,1440789.58
2021-02-19,3.55,3.65,3.69,3.53,1367072.68
2021-02-22,3.63,3.62,3.7,3.59,1042704.81
2021-02-23,3.6,3.69,3.76,3.59,1317809.29
2021-02-24,3.69,3.67,3.75,3.62,964774.44
2021-02-25,3.7,3.74,3.77,3.65,1200162.28
2021-02-26,3.68,3.55,3.74,3.54,1336662.81
2021-03-01,3.57,3.57,3.62,3.54,705146.67
2021-03-02,3.58,3.5,3.63,3.48,823727.52
2021-03-03,3.5,3.7,3.72,3.48,1536092.12
2021-03-04,3.68,3.8,3.92,3.67,2298870.92
2021-03-05,3.77,3.81,3.84,3.71,1144100.93
2021-03-08,3.87,3.89,4.05,3.83,1704471.73
2021-03-09,3.9,3.78,3.97,3.76,1503035.27
2021-03-10,3.77,3.76,3.87,3.72,1028970.28
2021-03-11,3.85,4.1,4.3,3.85,2457879.43
2021-03-12,4.11,4.2,4.25,4.07,1771887.49
2021-03-15,4.19,4.4,4.46,4.17,2323828.68
2021-03-16,4.39,4.46,4.46,4.31,1619555.59
2021-03-17,4.44,4.35,4.44,4.29,1535264.92
2021-03-18,4.35,4.34,4.4,4.27,933123.61
2021-03-19,4.33,4.17,4.37,4.05,1685043.68
2021-03-22,4.14,4.23,4.29,4.14,901428.33
2021-03-23,4.2,4.21,4.27,4.14,738993.91
2021-03-24,4.16,4.1,4.2,4.07,814746.31
2021-03-25,4.12,4.05,4.26,4.02,788695.79
2021-03-26,4.08,4.16,4.3,4.05,1186345.86
2021-03-29,4.17,4.23,4.26,4.11,1067620.51
2021-03-30,4.22,4.21,4.23,4.1,947194.46
2021-03-31,4.23,4.27,4.43,4.2,1619867.3
2021-04-01,4.27,4.24,4.34,4.16,1067278.22
2021-04-02,4.21,4.24,4.27,4.17,738250.48
2021-04-06,4.25,4.22,4.26,4.2,586022.9
2021-04-07,4.2,4.17,4.22,4.13,557486.22
2021-04-08,4.17,4.13,4.18,4.11,768271.05
2021-04-09,4.12,4.02,4.15,4.01,752993.6
2021-04-12,4.01,4.01,4.06,3.96,512342.38
2021-04-13,4.03,3.91,4.06,3.85,724278.24
2021-04-14,3.94,3.89,3.99,3.87,537463.23
2021-04-15,3.91,3.95,3.98,3.86,643927.03
2021-04-16,3.96,3.99,4.01,3.93,446611.07
2021-04-19,3.99,4.15,4.17,3.97,946919.08
2021-04-20,4.14,4.1,4.16,4.08,527817.9
2021-04-21,4.15,4.3,4.33,4.11,1529853.11
2021-04-22,4.35,4.22,4.36,4.2,605252.79
2021-04-23,4.19,4.19,4.3,4.16,534271.63
2021-04-26,4.23,4.2,4.29,4.19,867527.62
2021-04-27,4.2,4.26,4.27,4.17,430079.53
2021-04-28,4.26,4.23,4.28,4.16,460602.28
2021-04-29,4.4,4.67,4.87,4.4,3777072.49
2021-04-30,4.68,4.87,4.95,4.65,3109510.14
2021-05-06,4.95,4.87,4.95,4.81,1540266.67
2021-05-07,4.89,4.88,4.95,4.78,1284587.67
2021-05-10,4.87,4.96,4.97,4.7,1140540.78
2021-05-11,4.93,5.1,5.12,4.92,1421984.5
2021-05-12,5.1,5.15,5.2,5.06,1351953.64
2021-05-13,5.1,5.07,5.23,5.01,889151.94
2021-05-14,5.09,5.06,5.15,5.02,743907.85
2021-05-17,5.06,5.05,5.16,5.01,743859.45
2021-05-18,5.03,4.91,5.07,4.89,866848.06
2021-05-19,4.93,4.87,4.98,4.8,815829.36
2021-05-20,4.81,5.25,5.31,4.78,1720861.46
2021-05-21,5.25,5.18,5.5,5.16,1357101.27
2021-05-24,5.24,5.19,5.32,5.15,657314.91
2021-05-25,5.24,5.29,5.34,5.16,1166228.43
2021-05-26,5.3,5.56,5.72,5.26,1698921.13
2021-05-27,5.51,5.47,5.54,5.35,1243763.34
2021-05-28,5.47,5.45,5.53,5.38,599855.57
2021-05-31,5.45,5.44,5.47,5.29,679602.23
2021-06-01,5.36,5.56,5.57,5.33,891759.3
2021-06-02,5.56,5.58,5.72,5.53,867427.86
2021-06-03,5.56,5.66,5.74,5.54,665273.26
2021-06-04,5.7,5.72,5.77,5.59,642604.27
2021-06-07,5.73,5.52,5.74,5.43,966300.23
2021-06-08,5.52,5.6,5.63,5.45,622316.84
2021-06-09,5.58,5.56,5.63,5.55,433787.95
2021-06-10,5.59,5.49,5.72,5.47,802155.59
2021-06-11,5.48,5.47,5.6,5.43,646028.13
2021-06-15,5.47,5.27,5.47,5.16,927141.96
2021-06-16,5.26,5.42,5.54,5.24,962503.24
2021-06-17,5.4,5.39,5.46,5.33,482164.41
2021-06-18,5.46,5.34,5.51,5.3,621398.1
2021-06-21,5.33,5.09,5.33,5.01,1201552.71
2021-06-22,5.12,5.3,5.33,5.12,921311.78
2021-06-23,5.31,5.22,5.35,5.19,508029.86
2021-06-24,5.23,5.33,5.37,5.2,480481.89
2021-06-25,5.37,5.36,5.42,5.24,722473.94
2021-06-28,5.34,5.18,5.35,5.13,713617.17
2021-06-29,5.2,5.22,5.27,5.16,498706.4
2021-06-30,5.26,5.22,5.3,5.19,447013.16
2021-07-01,5.26,5.4,5.47,5.22,961490.42
2021-07-02,5.37,5.23,5.39,5.15,742151.75
2021-07-05,5.22,5.19,5.23,5.1,741671.45
2021-07-06,5.19,5.23,5.29,5.15,609274.83
2021-07-07,5.21,5.26,5.44,5.18,783405.03
2021-07-08,5.31,5.04,5.34,4.81,2467073.0
2021-07-09,4.99,4.96,5.11,4.91,905886.41
2021-07-12,5.02,4.76,5.05,4.65,2006438.45
2021-07-13,4.77,5.13,5.16,4.68,1751054.87
2021-07-14,5.09,4.84,5.1,4.81,1130302.82
2021-07-15,4.89,5.08,5.13,4.83,1093634.41
2021-07-16,5.05,4.95,5.08,4.94,590197.96
2021-07-19,5.08,5.08,5.15,4.91,1160348.51
2021-07-20,5.06,5.08,5.15,4.99,706777.51
2021-07-21,5.09,4.98,5.15,4.93,663415.93
2021-07-22,4.97,5.18,5.31,4.95,1141084.74
2021-07-23,5.2,5.27,5.37,5.05,1146478.18
2021-07-26,5.21,4.97,5.22,4.94,1225931.5
2021-07-27,4.96,4.67,4.99,4.67,1327549.93
2021-07-28,4.64,4.55,4.71,4.53,1005386.8
2021-07-29,4.65,4.48,4.66,4.41,833737.91
2021-07-30,4.46,4.38,4.53,4.28,677636.15
2021-08-02,4.32,4.45,4.55,4.23,1114108.02
2021-08-03,4.43,4.52,4.58,4.36,778187.64
2021-08-04,4.51,4.46,4.57,4.43,581488.98
2021-08-05,4.42,4.39,4.53,4.34,643269.63
2021-08-06,4.35,4.38,4.45,4.28,508206.29
2021-08-09,4.39,4.58,4.74,4.37,1165153.42
2021-08-10,4.62,5.03,5.06,4.56,1520359.03
2021-08-11,5.02,5.11,5.14,4.98,1105737.36
2021-08-12,5.09,5.09,5.16,5.01,549949.67
2021-08-13,5.1,5.01,5.12,4.98,541481.18
2021-08-16,5.12,5.0,5.2,4.96,734474.45
2021-08-17,4.95,4.9,5.11,4.87,589455.38
2021-08-18,4.86,5.08,5.17,4.86,974426.32
2021-08-19,5.04,4.86,5.05,4.79,746377.84
2021-08-20,4.83,4.86,4.92,4.7,823815.76
2021-08-23,4.85,4.83,4.92,4.76,660649.77
2021-08-24,4.86,4.98,5.17,4.83,1125818.31
2021-08-25,4.83,4.54,4.91,4.49,3085346.5
2021-08-26,4.52,4.54,4.67,4.5,1355902.84
2021-08-27,4.55,4.62,4.65,4.46,1068580.52
2021-08-30,4.62,4.47,4.67,4.36,1441124.65
2021-08-31,4.44,4.55,4.61,4.43,1158547.82
2021-09-01,4.58,4.64,4.72,4.53,1473372.67
2021-09-02,4.65,4.64,4.71,4.6,1071633.43
2021-09-03,4.66,4.59,4.68,4.5,1124467.59
2021-09-06,4.56,4.53,4.61,4.5,1023878.08
2021-09-07,4.53,4.56,4.61,4.46,2084147.78
2021-09-08,4.54,4.65,4.75,4.52,1564558.2
2021-09-09,4.63,4.52,4.65,4.5,1639552.64
2021-09-10,4.53,4.66,4.75,4.51,1865735.54
2021-09-13,4.65,4.69,4.79,4.63,1372968.41
2021-09-14,4.71,4.48,4.77,4.45,1885255.64
2021-09-15,4.44,4.38,4.48,4.36,1180153.59
2021-09-16,4.38,4.3,4.42,4.29,1272049.55
2021-09-17,4.29,4.11,4.3,4.09,1703559.18
2021-09-22,3.92,3.88,3.92,3.73,2492144.92
2021-09-23,3.95,3.92,3.99,3.87,1296465.42
2021-09-24,3.93,3.74,3.94,3.72,1488392.39
2021-09-27,3.79,3.77,3.82,3.72,1079489.62
2021-09-28,3.77,3.96,4.02,3.75,1711380.8
2021-09-29,3.91,3.94,3.99,3.86,1063214.08
2021-09-30,3.94,3.94,3.98,3.87,913664.24
2021-10-08,3.98,3.99,4.03,3.94,915732.46
2021-10-11,4.02,4.13,4.18,4.02,1248449.73
2021-10-12,4.1,4.19,4.3,4.08,1493676.03
2021-10-13,4.19,4.24,4.29,4.13,891465.95
2021-10-14,4.21,4.12,4.29,4.11,923968.57
2021-10-15,4.14,4.2,4.25,4.13,1126136.7
2021-10-18,4.21,4.22,4.25,4.16,952821.65
2021-10-19,4.21,4.24,4.33,4.2,1326463.78
2021-10-20,4.25,4.15,4.27,4.13,867693.33
2021-10-21,4.21,4.3,4.35,4.19,1472960.93
2021-10-22,4.32,4.35,4.45,4.25,1257651.52
2021-10-25,4.32,4.39,4.42,4.28,841821.36
2021-10-26,4.39,4.51,4.54,4.38,1123992.59
2021-10-27,4.53,4.46,4.55,4.41,704397.09
2021-10-28,4.42,4.41,4.51,4.33,727842.3
2021-10-29,4.43,4.41,4.46,4.34,672568.04
2021-11-01,4.53,4.72,4.77,4.52,2103734.29
2021-11-02,4.78,4.6,4.83,4.52,1807812.79
2021-11-03,4.59,4.61,4.68,4.57,909760.02
2021-11-04,4.64,4.46,4.65,4.44,962139.03
2021-11-05,4.45,4.44,4.51,4.39,797189.61
2021-11-08,4.43,4.29,4.45,4.25,997011.62
2021-11-09,4.31,4.3,4.34,4.26,477066.88
2021-11-10,4.28,4.27,4.31,4.21,604381.19
2021-11-11,4.26,4.45,4.48,4.24,937781.71
2021-11-12,4.47,4.5,4.63,4.45,1042642.94
2021-11-15,4.49,4.5,4.57,4.45,640719.94
2021-11-16,4.5,4.41,4.53,4.38,580004.27
2021-11-17,4.37,4.27,4.39,4.25,841733.11
2021-11-18,4.24,4.24,4.32,4.23,652499.64
2021-11-19,4.27,4.3,4.32,4.22,638196.39
2021-11-22,4.29,4.19,4.31,4.19,823785.68
2021-11-23,4.19,4.17,4.24,4.15,748396.69
2021-11-24,4.17,4.13,4.19,4.12,828188.07
2021-11-25,4.14,4.13,4.16,4.1,537690.58
2021-11-26,4.12,4.06,4.13,4.06,660923.67
2021-11-29,4.02,4.02,4.04,3.97,810734.51
2021-11-30,4.05,4.01,4.09,3.98,684175.18
2021-12-01,4.02,4.09,4.12,4.0,709888.38
2021-12-02,4.08,4.09,4.12,4.04,612760.58
2021-12-03,4.11,4.09,4.11,4.02,761242.08
2021-12-06,4.11,4.13,4.22,4.09,1157380.41
2021-12-07,4.18,4.2,4.23,4.13,1088693.71
2021-12-08,4.19,4.15,4.21,4.11,1082953.09
2021-12-09,4.14,4.21,4.28,4.11,1258345.54
2021-12-10,4.18,4.15,4.21,4.11,1215509.1
2021-12-13,4.16,4.12,4.22,4.12,912853.47
2021-12-14,4.12,4.03,4.13,4.01,1073378.74
2021-12-15,4.02,4.03,4.05,4.0,567403.64
2021-12-16,4.03,4.04,4.06,4.01,613487.65
2021-12-17,4.05,3.98,4.07,3.97,1254035.2
2021-12-20,3.96,3.85,3.97,3.81,1689967.34
2021-12-21,3.85,3.99,4.02,3.84,1264668.54
2021-12-22,4.01,3.95,4.01,3.95,613373.09
2021-12-23,3.97,3.94,3.99,3.92,487344.34
2021-12-24,3.94,3.9,3.95,3.89,496300.35
2021-12-27,3.92,3.91,3.93,3.88,497810.66
2021-12-28,3.91,3.93,3.96,3.89,545293.81
2021-12-29,3.93,3.93,3.95,3.91,439585.34
2021-12-30,3.93,3.93,3.97,3.92,511932.75
2021-12-31,3.94,3.95,3.96,3.92,568456.75
2022-01-04,3.96,4.09,4.09,3.94,1354210.6
2022-01-05,4.1,4.18,4.22,4.09,1633123.96
2022-01-06,4.17,4.16,4.21,4.15,992002.48
2022-01-07,4.15,4.32,4.34,4.15,1701062.37
2022-01-10,4.35,4.36,4.42,4.28,1335402.22
2022-01-11,4.42,4.56,4.64,4.38,2110619.37
2022-01-12,4.72,4.7,4.77,4.6,2681307.57
2022-01-13,4.66,4.85,4.98,4.65,2226752.21
2022-01-14,4.85,4.59,4.85,4.54,2046285.16
2022-01-17,4.61,4.63,4.7,4.53,1078370.86
2022-01-18,4.66,4.86,4.88,4.62,1652412.47
2022-01-19,4.86,4.84,4.9,4.79,1190314.01
2022-01-20,4.82,4.97,5.04,4.8,1803419.53
2022-01-21,4.92,4.93,5.07,4.88,1456623.44
2022-01-24,4.9,4.95,5.07,4.81,1112188.14
2022-01-25,4.9,4.8,4.94,4.78,1027964.77
2022-01-26,4.82,4.84,4.89,4.72,868491.98
2022-01-27,4.82,4.83,4.91,4.78,1006928.38
2022-01-28,4.84,4.7,4.86,4.69,1149035.42
2022-02-07,4.79,4.92,4.94,4.77,1480843.24
2022-02-08,4.9,5.0,5.03,4.89,1253055.79
2022-02-09,4.99,4.93,5.06,4.89,1301493.0
2022-02-10,4.93,5.03,5.05,4.88,898941.56
2022-02-11,5.01,5.17,5.26,5.01,1656822.62
2022-02-14,5.17,4.9,5.18,4.87,1756057.04
2022-02-15,4.87,4.8,5.02,4.74,1548219.69
2022-02-16,4.8,4.87,4.93,4.79,899533.56
2022-02-17,4.88,4.88,4.96,4.81,978098.97
2022-02-18,4.86,5.04,5.08,4.83,1244767.27
2022-02-21,5.03,5.01,5.05,4.91,866367.73
2022-02-22,4.95,4.96,5.03,4.91,640285.89
2022-02-23,4.97,4.9,5.0,4.86,782246.53
2022-02-24,4.89,4.78,4.92,4.76,946858.7
2022-02-25,4.82,4.77,4.84,4.68,879582.78
2022-02-28,4.73,4.77,4.82,4.65,665909.64
2022-03-01,4.77,4.96,4.98,4.76,1054924.04
2022-03-02,4.92,4.95,5.03,4.9,809433.92
2022-03-03,4.97,5.04,5.07,4.95,978949.26
2022-03-04,5.01,5.06,5.1,4.86,1250848.3
2022-03-07,5.01,4.93,5.1,4.89,910313.46
2022-03-08,4.92,4.73,4.95,4.71,923673.84
2022-03-09,4.75,4.64,4.79,4.39,1212667.46
2022-03-10,4.74,4.81,4.85,4.67,1052318.31
2022-03-11,4.78,4.76,4.81,4.59,1257876.13
2022-03-14,4.67,4.49,4.72,4.48,1121772.65
2022-03-15,4.43,4.14,4.47,4.13,1909115.75
2022-03-16,4.23,4.38,4.44,4.07,1359114.02
2022-03-17,4.48,4.38,4.52,4.37,965596.09
2022-03-18,4.33,4.61,4.65,4.33,1014061.73
2022-03-21,4.59,4.51,4.63,4.44,886327.43
2022-03-22,4.49,4.73,4.82,4.48,1175311.43
2022-03-23,4.7,4.77,4.84,4.65,1088250.08
2022-03-24,4.73,4.91,4.95,4.68,1169974.54
2022-03-25,4.93,4.83,4.95,4.79,656442.23
2022-03-28,4.79,4.84,4.9,4.64,992668.87
2022-03-29,4.82,4.87,4.92,4.76,825301.05
2022-03-30,4.87,4.93,4.96,4.82,617576.16
2022-03-31,4.9,5.17,5.19,4.88,1516197.06
2022-04-01,5.14,5.44,5.46,5.12,1782188.0
2022-04-06,5.41,5.56,5.65,5.38,1396610.0
2022-04-07,5.52,5.42,5.67,5.36,1672907.0
2022-04-08,5.45,5.48,5.54,5.32,1124621.0
2022-04-11,5.45,5.36,5.48,5.29,1161586.0
2022-04-12,5.35,5.44,5.55,5.25,1269349.0
2022-04-13,5.5,5.44,5.64,5.43,1250670.0
2022-04-14,5.51,5.4,5.54,5.36,1075379.0
2022-04-15,5.38,5.67,5.69,5.36,1230599.0
2022-04-18,5.54,5.38,5.62,5.36,1324035.0
2022-04-19,5.38,5.51,5.56,5.31,1148062.0
2022-04-20,5.55,5.42,5.64,5.39,793366.0
2022-04-21,5.33,5.32,5.49,5.28,972317.0
2022-04-22,5.27,5.61,5.63,5.25,1384745.0
2022-04-25,5.51,5.23,5.59,5.22,1599329.0
2022-04-26,5.28,5.21,5.41,5.19,1162889.0
2022-04-27,5.19,5.23,5.34,5.1,1028988.0
2022-04-28,5.23,5.51,5.55,5.23,1442215.0
2022-04-29,5.63,5.45,5.68,5.34,1772790.0
2022-05-05,5.44,5.41,5.53,5.35,981698.0
2022-05-06,5.31,5.01,5.32,5.01,1338512.0
2022-05-09,4.93,4.83,4.99,4.78,1351148.0
2022-05-10,4.78,5.1,5.12,4.75,1286879.0
2022-05-11,5.05,5.02,5.15,5.02,797110.0
2022-05-12,5.04,5.08,5.14,4.98,563444.0
2022-05-13,5.12,5.3,5.35,5.12,928901.0
2022-05-16,5.31,5.21,5.31,5.11,724588.0
2022-05-17,5.22,5.27,5.42,5.16,912184.0
2022-05-18,5.27,5.14,5.28,5.07,812985.0
2022-05-19,5.05,5.11,5.2,5.03,662367.0
2022-05-20,5.08,5.15,5.19,5.07,695054.0
2022-05-23,5.15,5.04,5.15,4.98,847853.0
2022-05-24,5.06,4.92,5.09,4.91,755566.0
2022-05-25,4.95,4.92,4.97,4.89,583268.0
2022-05-26,5.0,5.02,5.06,4.93,910249.0
2022-05-27,5.03,5.11,5.2,5.0,755746.0
2022-05-30,5.12,5.01,5.18,4.96,616707.0
2022-05-31,5.0,4.94,5.04,4.93,736820.0
2022-06-01,4.97,4.92,4.97,4.86,712337.0
2022-06-02,4.9,4.9,4.96,4.88,588629.0
2022-06-06,4.88,4.85,4.92,4.77,1447400.0
2022-06-07,4.83,5.05,5.09,4.81,1384176.0
2022-06-08,5.03,5.07,5.11,5.0,806296.0
2022-06-09,5.05,5.17,5.23,5.05,1021458.0
2022-06-10,5.22,5.2,5.24,5.11,940050.0
2022-06-13,5.17,5.1,5.17,5.01,893208.0
2022-06-14,5.06,5.3,5.32,5.04,1332279.0
2022-06-15,5.33,5.35,5.5,5.32,1484463.0
2022-06-16,5.36,5.24,5.39,5.21,667972.0
2022-06-17,5.21,5.22,5.27,5.15,809007.0
2022-06-20,5.18,5.13,5.23,5.08,990312.0
2022-06-21,5.14,5.22,5.26,5.11,686624.0
2022-06-22,5.23,5.13,5.24,5.12,588513.0
2022-06-23,5.15,5.15,5.18,5.09,533752.0
2022-06-24,5.14,5.05,5.16,5.02,811657.0
2022-06-27,5.06,5.31,5.34,5.05,1417834.0
2022-06-28,5.3,5.53,5.54,5.27,1437108.0
2022-06-29,5.55,5.5,5.63,5.48,1251252.0
2022-06-30,5.53,5.64,5.71,5.48,1007813.0
2022-07-01,5.63,5.7,5.76,5.6,868860.0
2022-07-04,5.66,5.75,5.8,5.63,1225945.0
2022-07-05,5.77,5.71,5.82,5.68,711944.0
2022-07-06,5.7,5.58,5.72,5.54,681046.0
2022-07-07,5.61,5.62,5.74,5.56,618777.0
2022-07-08,5.64,5.55,5.65,5.52,522027.0
2022-07-11,5.58,5.66,5.76,5.58,887264.0
2022-07-12,5.69,5.8,5.86,5.66,868428.0
2022-07-13,5.77,5.48,5.77,5.45,1287934.0
2022-07-14,5.45,5.41,5.47,5.24,1377840.0
2022-07-15,5.43,5.32,5.58,5.32,967127.0
2022-07-18,5.54,5.62,5.8,5.54,2007352.0
2022-07-19,5.65,5.7,5.79,5.58,874058.0
2022-07-20,5.75,5.89,5.94,5.72,1350058.0
2022-07-21,5.86,5.61,5.88,5.61,987074.0
2022-07-22,5.64,5.67,5.72,5.59,574391.0
2022-07-25,5.64,5.66,5.7,5.59,571683.0
2022-07-26,5.66,5.86,5.87,5.64,962942.0
2022-07-27,5.86,5.76,5.86,5.73,593308.0
2022-07-28,5.75,5.71,5.82,5.69,662040.0
2022-07-29,5.69,5.72,5.77,5.65,729978.0
2022-08-01,5.69,5.72,5.77,5.55,828538.0
2022-08-02,5.64,5.53,5.67,5.48,1257083.0
2022-08-03,5.56,5.46,5.64,5.44,670894.0
2022-08-04,5.5,5.46,5.53,5.39,653547.0
2022-08-05,5.46,5.53,5.54,5.38,588717.0
2022-08-08,5.5,5.47,5.61,5.46,499176.0
2022-08-09,5.5,5.42,5.51,5.41,423592.0
2022-08-10,5.4,5.34,5.44,5.31,538840.0
2022-08-11,5.37,5.47,5.49,5.3,860444.0
2022-08-12,5.43,5.49,5.53,5.39,650340.0
2022-08-15,5.46,5.39,5.49,5.36,661126.0
2022-08-16,5.39,5.35,5.43,5.3,710348.0
2022-08-17,5.36,5.43,5.45,5.31,630146.0
2022-08-18,5.41,5.3,5.43,5.27,723698.0
2022-08-19,5.28,5.43,5.45,5.27,780513.0
2022-08-22,5.4,5.4,5.5,5.38,543643.0
2022-08-23,5.38,5.42,5.45,5.3,589350.0
2022-08-24,5.42,5.33,5.49,5.32,636416.0
2022-08-25,5.34,5.48,5.5,5.33,586878.0
2022-08-26,5.5,5.6,5.64,5.46,814601.0
2022-08-29,5.54,5.53,5.59,5.42,669095.0
2022-08-30,5.62,5.66,5.72,5.61,990147.0
2022-08-31,5.68,5.77,5.84,5.65,1349349.0
2022-09-01,5.75,5.77,5.82,5.69,699951.0
2022-09-02,5.8,5.86,5.93,5.78,1095895.0
2022-09-05,5.89,5.9,5.92,5.78,719258.0
2022-09-06,5.93,5.96,6.04,5.9,991852.0
2022-09-07,5.96,5.94,6.01,5.9,636859.0
2022-09-08,6.0,6.06,6.11,5.96,1145280.0
2022-09-09,6.04,6.14,6.19,6.03,1031330.0
2022-09-13,6.16,6.1,6.2,6.08,1031416.0
2022-09-14,6.02,6.04,6.09,6.0,714818.0
2022-09-15,6.04,6.01,6.15,5.97,939293.0
2022-09-16,6.01,5.85,6.04,5.84,891850.0
2022-09-19,5.92,5.9,5.92,5.83,522879.0
2022-09-20,5.93,5.89,5.95,5.83,522342.0
2022-09-21,5.89,5.95,6.06,5.87,679179.0
2022-09-22,5.92,6.0,6.01,5.91,488456.0
2022-09-23,5.98,5.96,6.08,5.93,523623.0
2022-09-26,5.93,5.88,6.03,5.88,716273.0
2022-09-27,5.92,5.96,5.97,5.8,519675.0
2022-09-28,5.93,6.02,6.1,5.89,789718.0
2022-09-29,6.06,5.89,6.08,5.84,841574.0
2022-09-30,5.89,5.96,6.02,5.89,517993.0
2022-10-10,5.94,6.02,6.09,5.93,736611.0
2022-10-11,6.0,5.9,6.05,5.89,637428.0
2022-10-12,5.94,6.11,6.12,5.89,831220.0
2022-10-13,6.08,5.84,6.13,5.83,1058770.0
2022-10-14,5.9,5.93,6.07,5.89,854982.0
2022-10-17,5.91,5.85,5.92,5.82,560637.0
2022-10-18,5.91,5.88,6.01,5.86,674203.0
2022-10-19,5.87,5.86,5.94,5.83,517941.0
2022-10-20,5.84,5.87,5.94,5.8,527134.0
2022-10-21,5.91,5.89,5.96,5.86,497706.0
2022-10-24,5.91,5.63,5.91,5.59,1094938.0
2022-10-25,5.6,5.79,5.81,5.59,892553.0
2022-10-26,5.79,5.57,5.83,5.52,1130659.0
2022-10-27,5.59,5.61,5.67,5.57,600665.0
2022-10-28,5.61,5.6,5.69,5.54,466353.0
2022-10-31,5.6,5.44,5.61,5.38,1001894.0
2022-11-01,5.44,5.45,5.47,5.35,816964.0
2022-11-02,5.42,5.37,5.44,5.32,842115.0
2022-11-03,5.33,5.33,5.36,5.27,706957.0
2022-11-04,5.32,5.48,5.51,5.32,775207.0
2022-11-07,5.43,5.39,5.45,5.33,881728.0
2022-11-08,5.39,5.36,5.42,5.33,634720.0
2022-11-09,5.38,5.35,5.43,5.34,539450.0
2022-11-10,5.33,5.37,5.39,5.27,571422.0
2022-11-11,5.45,5.66,5.74,5.39,1453200.0
2022-11-14,5.72,5.66,5.81,5.65,1107925.0
2022-11-15,5.66,5.69,5.77,5.61,773244.0
2022-11-16,5.68,5.63,5.72,5.62,511407.0
2022-11-17,5.58,5.62,5.64,5.54,575098.0
2022-11-18,5.62,5.56,5.65,5.55,531192.0
2022-11-21,5.55,5.54,5.56,5.45,486032.0
2022-11-22,5.54,5.69,5.75,5.52,744374.0
2022-11-23,5.7,5.71,5.81,5.69,789461.0
2022-11-24,5.73,5.76,5.81,5.72,448679.0
2022-11-25,5.74,5.91,5.95,5.74,936159.0
2022-11-28,5.8,5.8,5.83,5.68,649153.0
2022-11-29,5.83,6.01,6.11,5.82,1312017.0
2022-11-30,5.98,5.93,6.09,5.91,1010584.0
2022-12-01,6.02,5.88,6.04,5.86,718516.0
2022-12-02,5.86,5.83,5.89,5.76,623723.0
2022-12-05,5.86,6.02,6.03,5.86,803483.0
2022-12-06,5.99,6.05,6.09,5.92,749284.0
2022-12-07,6.01,5.94,6.05,5.9,1006413.0
2022-12-08,5.92,6.02,6.06,5.92,665056.0
2022-12-09,6.02,5.99,6.08,5.94,931451.0
2022-12-12,6.0,5.86,6.0,5.84,811746.0
2022-12-13,5.85,5.92,5.95,5.85,631911.0
2022-12-14,5.92,5.92,5.97,5.85,622751.0
2022-12-15,5.92,5.82,5.92,5.8,590617.0
2022-12-16,5.79,5.88,5.91,5.78,623518.0
2022-12-19,5.87,5.73,5.92,5.69,703788.0
2022-12-20,5.74,5.64,5.76,5.61,543145.0
2022-12-21,5.63,5.68,5.75,5.63,400609.0
2022-12-22,5.72,5.69,5.78,5.63,395137.0
2022-12-23,5.66,5.62,5.68,5.59,401352.0
2022-12-26,5.6,5.64,5.7,5.57,512488.0
2022-12-27,5.67,5.79,5.82,5.67,663304.0
2022-12-28,5.78,5.84,5.88,5.77,505178.0
2022-12-29,5.82,5.81,5.84,5.73,514400.0
2022-12-30,5.82,5.81,5.87,5.8,667000.0
2023-01-03,5.81,5.84,5.87,5.73,976011.0
2023-01-04,5.85,6.05,6.06,5.82,1392681.0
2023-01-05,6.07,6.07,6.13,6.02,836535.0
2023-01-06,6.07,6.09,6.11,6.01,667704.0
2023-01-09,6.08,6.05,6.11,6.02,670151.0
2023-01-10,6.05,5.94,6.07,5.93,734201.0
2023-01-11,5.92,6.02,6.06,5.92,687113.0
2023-01-12,6.04,6.08,6.08,5.97,508451.0
2023-01-13,6.08,6.11,6.11,6.05,508773.0
2023-01-16,6.12,6.03,6.14,6.02,982795.0
2023-01-17,6.04,6.06,6.08,6.02,604661.0
2023-01-18,6.05,6.07,6.1,6.02,523609.0
2023-01-19,6.07,6.04,6.14,6.01,774297.0
2023-01-20,6.05,6.04,6.08,6.01,593005.0
2023-01-30,6.1,6.0,6.11,5.93,1067821.0
2023-01-31,6.0,5.94,6.06,5.94,637769.0
2023-02-01,5.94,5.91,5.97,5.87,965981.0
2023-02-02,5.94,5.93,6.0,5.89,1180677.0
2023-02-03,5.92,5.88,5.92,5.85,595514.0
2023-02-06,5.86,5.83,5.87,5.81,588214.0
2023-02-07,5.85,5.89,5.93,5.82,678516.0
2023-02-08,5.9,5.86,5.92,5.85,415874.0
2023-02-09,5.87,5.91,5.93,5.86,449371.0
2023-02-10,5.91,5.9,5.92,5.88,306897.0
2023-02-13,5.92,5.82,5.92,5.74,1564811.0
2023-02-14,5.85,5.83,5.88,5.79,879958.0
2023-02-15,5.85,5.75,5.85,5.75,571500.0
2023-02-16,5.74,5.7,5.8,5.68,768092.0
2023-02-17,5.7,5.65,5.73,5.64,495242.0
2023-02-20,5.68,5.83,5.84,5.67,914482.0
2023-02-21,5.82,5.83,5.84,5.78,631721.0
2023-02-22,5.81,5.78,5.82,5.77,454755.0
2023-02-23,5.78,5.79,5.82,5.77,548193.0
2023-02-24,5.8,5.75,5.8,5.7,468124.0
2023-02-27,5.74,5.73,5.78,5.72,458337.0
2023-02-28,5.74,5.71,5.76,5.67,523801.0
2023-03-01,5.71,5.74,5.77,5.68,572265.0
2023-03-02,5.74,5.76,5.8,5.71,627556.0
2023-03-03,5.77,5.82,5.82,5.73,648816.0
2023-03-06,5.84,5.75,5.86,5.74,705148.0
2023-03-07,5.76,5.79,5.92,5.74,1214538.0
2023-03-08,5.77,5.68,5.79,5.66,961466.0
2023-03-09,5.69,5.67,5.72,5.67,489995.0
2023-03-10,5.63,5.56,5.64,5.55,767961.0
2023-03-13,5.51,5.56,5.59,5.49,531448.0
2023-03-14,5.52,5.53,5.57,5.48,551630.0
2023-03-15,5.59,5.59,5.62,5.54,529309.0
2023-03-16,5.56,5.55,5.63,5.53,684527.0
2023-03-17,5.58,5.56,5.64,5.51,846479.0
2023-03-20,5.55,5.51,5.62,5.5,798761.0
2023-03-21,5.53,5.49,5.56,5.47,435209.0
2023-03-22,5.52,5.58,5.61,5.5,723798.0
2023-03-23,5.56,5.67,5.67,5.55,549604.0
2023-03-24,5.66,5.58,5.67,5.58,378011.0
2023-03-27,5.57,5.51,5.6,5.49,540442.0
2023-03-28,5.53,5.49,5.54,5.48,403029.0
2023-03-29,5.51,5.47,5.52,5.46,323947.0
2023-03-30,5.48,5.53,5.54,5.45,403178.0
2023-03-31,5.53,5.54,5.62,5.51,547056.0
2023-04-03,5.53,5.55,5.57,5.51,587506.0
2023-04-04,5.54,5.61,5.61,5.53,571309.0
2023-04-06,5.6,5.56,5.6,5.52,621351.0
2023-04-07,5.57,5.56,5.59,5.53,419230.0
2023-04-10,5.56,5.57,5.59,5.55,356304.0
2023-04-11,5.58,5.55,5.58,5.53,505676.0
2023-04-12,5.56,5.56,5.57,5.52,487345.0
2023-04-13,5.54,5.58,5.65,5.49,665130.0
2023-04-14,5.6,5.62,5.63,5.57,553647.0
2023-04-17,5.62,5.82,5.83,5.61,1236627.0
2023-04-18,5.83,6.01,6.06,5.81,2319069.0
2023-04-19,6.01,6.0,6.04,5.94,1110837.0
2023-04-20,6.01,5.99,6.02,5.87,1135340.0
2023-04-21,5.98,5.91,6.04,5.9,745617.0
2023-04-24,5.94,5.91,5.99,5.9,843056.0
2023-04-25,5.9,6.08,6.1,5.9,1632028.0
2023-04-26,6.11,6.02,6.12,5.9,1435250.0
2023-04-27,6.02,6.1,6.11,6.0,1099346.0
2023-04-28,6.27,6.23,6.51,6.2,3685779.0
2023-05-04,6.22,6.27,6.32,6.21,2864591.0
2023-05-05,6.3,6.22,6.36,6.18,2154376.0
2023-05-08,6.27,6.38,6.46,6.25,4251088.0
2023-05-09,6.43,6.22,6.46,6.2,3483768.0
2023-05-10,6.24,6.13,6.26,6.09,1812662.0
2023-05-11,6.12,6.18,6.25,6.1,1270725.0
2023-05-12,6.16,6.12,6.23,6.1,887838.0
2023-05-15,6.11,6.16,6.18,6.02,1172860.0
2023-05-16,6.17,6.14,6.23,6.13,1006427.0
2023-05-17,6.13,6.11,6.16,6.08,878709.0
2023-05-18,6.14,6.21,6.24,6.12,1189284.0
2023-05-19,6.18,6.14,6.21,6.13,745681.0
2023-05-22,6.14,6.18,6.22,6.13,689716.0
2023-05-23,6.18,6.08,6.2,6.08,747382.0
2023-05-24,6.08,5.99,6.08,5.92,1420654.0
2023-05-25,5.99,6.0,6.08,5.96,919950.0
2023-05-26,6.0,6.05,6.06,5.98,495615.0
2023-05-29,6.06,6.04,6.09,5.98,705869.0
2023-05-30,6.02,5.96,6.03,5.9,932222.0
2023-05-31,5.95,5.94,5.96,5.9,535125.0
2023-06-01,5.93,5.93,6.0,5.9,618446.0
2023-06-02,5.95,6.0,6.01,5.95,480174.0
2023-06-05,6.01,6.0,6.04,5.97,450427.0
2023-06-06,6.0,5.97,6.06,5.97,542848.0
2023-06-07,5.99,5.99,6.02,5.95,758771.0
2023-06-08,6.0,6.13,6.14,5.97,852762.0
2023-06-09,6.15,6.12,6.15,6.08,614823.0
2023-06-12,6.11,6.04,6.11,6.03,634854.0
2023-06-13,6.03,6.07,6.08,6.02,427277.0
2023-06-14,6.06,6.0,6.11,6.0,635858.0
2023-06-15,6.03,5.99,6.04,5.94,727011.0
2023-06-16,6.0,5.93,6.01,5.91,765609.0
2023-06-19,5.93,5.86,5.94,5.85,643931.0
2023-06-20,5.86,5.83,5.89,5.82,671541.0
2023-06-21,5.83,5.8,5.87,5.8,616257.0
2023-06-26,5.79,5.73,5.8,5.72,627409.0
2023-06-27,5.76,5.8,5.83,5.73,670567.0
2023-06-28,5.81,5.83,5.84,5.78,379473.0
2023-06-29,5.82,5.82,5.84,5.79,373438.0
2023-06-30,5.82,5.87,5.89,5.81,474561.0
2023-07-03,5.88,5.94,5.95,5.87,602026.0
2023-07-04,5.92,5.88,5.94,5.84,510665.0
2023-07-05,5.87,5.86,5.89,5.85,371916.0
2023-07-06,5.86,5.82,5.87,5.79,402006.0
2023-07-07,5.81,5.81,5.84,5.77,363337.0
2023-07-10,5.82,5.77,5.83,5.76,411469.0
2023-07-11,5.78,5.85,5.86,5.77,407810.0
2023-07-12,5.87,5.9,5.97,5.85,707014.0
2023-07-13,5.92,5.94,5.97,5.89,628863.0
2023-07-14,5.96,5.95,6.0,5.93,743614.0
2023-07-17,6.02,6.0,6.04,5.97,804393.0
2023-07-18,6.01,5.96,6.03,5.95,463573.0
2023-07-19,5.98,6.04,6.05,5.96,439410.0
2023-07-20,6.05,6.02,6.07,6.0,442776.0
2023-07-21,6.0,6.03,6.03,5.97,306218.0
2023-07-24,6.01,5.98,6.03,5.98,387881.0
2023-07-25,6.04,6.11,6.12,6.03,810914.0
2023-07-26,6.1,6.05,6.11,6.03,583625.0
2023-07-27,6.06,6.08,6.12,6.05,540832.0
2023-07-28,6.08,6.21,6.23,6.06,1463451.0
2023-07-31,6.21,6.23,6.34,6.2,2202723.0
2023-08-01,6.24,6.19,6.24,6.17,1006936.0
2023-08-02,6.15,6.14,6.18,6.1,1033885.0
2023-08-03,6.28,6.26,6.31,6.17,2605005.0
2023-08-04,6.3,6.3,6.33,6.23,1880798.0
2023-08-07,6.28,6.21,6.29,6.2,1091308.0
2023-08-08,6.2,6.16,6.23,6.15,1036679.0
2023-08-09,6.14,6.14,6.18,6.13,679693.0
2023-08-10,6.14,6.14,6.15,6.09,1076284.0
2023-08-11,6.13,6.06,6.14,6.05,889600.0
2023-08-14,6.02,6.07,6.09,5.98,1003742.0
2023-08-15,6.07,6.1,6.12,6.03,868951.0
2023-08-16,6.08,6.12,6.13,6.06,765149.0
2023-08-17,6.09,6.13,6.14,6.04,1155174.0
2023-08-18,6.11,6.13,6.15,6.09,1426386.0
2023-08-21,6.12,6.05,6.13,6.05,1197022.0
2023-08-22,6.06,6.07,6.09,6.04,705166.0
2023-08-23,6.08,6.06,6.11,6.05,854127.0
2023-08-24,6.07,6.03,6.07,6.02,657398.0
2023-08-25,6.02,6.07,6.09,6.02,614440.0
2023-08-28,6.29,6.1,6.33,6.08,2110562.0
2023-08-29,6.09,6.08,6.11,6.04,1154237.0
2023-08-30,6.08,6.06,6.08,6.04,917135.0
2023-08-31,6.06,6.14,6.14,6.05,1848524.0
2023-09-01,6.13,6.14,6.15,6.11,1970437.0
2023-09-04,6.13,6.14,6.14,6.11,3106932.0
2023-09-05,6.11,5.89,6.11,5.89,4337617.0
2023-09-06,5.87,5.92,5.92,5.83,2268464.0
2023-09-07,5.9,5.94,6.0,5.9,2399278.0
2023-09-08,5.94,5.94,5.99,5.93,1325894.0
2023-09-11,5.95,6.03,6.07,5.95,2819516.0
2023-09-12,6.05,6.08,6.08,6.02,1624932.0
2023-09-13,6.08,6.05,6.1,6.04,1087537.0
2023-09-14,6.06,6.13,6.13,6.05,1843724.0
2023-09-15,6.15,6.08,6.17,6.08,1635956.0
2023-09-18,6.08,6.07,6.1,6.02,1323897.0
2023-09-19,6.08,6.16,6.16,6.07,2223913.0
2023-09-20,6.16,6.2,6.24,6.14,2117313.0
2023-09-21,6.22,6.17,6.24,6.17,1591770.0
2023-09-22,6.18,6.17,6.2,6.13,1304097.0
2023-09-25,6.18,6.26,6.28,6.16,1730038.0
2023-09-26,6.27,6.26,6.29,6.25,1114425.0
2023-09-27,6.27,6.23,6.28,6.21,1156582.0
2023-09-28,6.24,6.19,6.28,6.18,1005176.0
2023-10-09,6.18,6.2,6.21,6.15,1225121.0
2023-10-10,6.21,6.13,6.23,6.12,1228986.0
2023-10-11,6.15,6.07,6.17,6.01,1943223.0
2023-10-12,6.12,6.14,6.15,6.08,1561330.0
2023-10-13,6.11,6.14,6.18,6.07,1181371.0
2023-10-16,6.15,6.16,6.21,6.13,1168209.0
2023-10-17,6.18,6.19,6.23,6.15,1166515.0
2023-10-18,6.21,6.25,6.27,6.19,1441804.0
2023-10-19,6.24,6.09,6.25,6.07,1833820.0
2023-10-20,6.05,6.05,6.11,6.01,1101388.0
2023-10-23,6.02,6.0,6.08,5.96,1153602.0
2023-10-24,6.03,5.93,6.05,5.9,1606290.0
2023-10-25,5.96,5.96,5.99,5.9,1019946.0
2023-10-26,5.94,6.03,6.04,5.93,905987.0
2023-10-27,6.02,5.9,6.07,5.84,2679092.0
2023-10-30,5.96,5.93,6.08,5.92,2401480.0
2023-10-31,5.92,5.91,5.93,5.84,1621915.0
2023-11-01,5.92,5.84,5.92,5.83,1662635.0
2023-11-02,5.84,5.85,5.88,5.83,1024248.0
2023-11-03,5.87,5.87,5.89,5.85,861322.0
2023-11-06,5.88,5.93,5.93,5.87,1244939.0
2023-11-07,5.92,5.88,5.92,5.87,960064.0
2023-11-08,5.87,5.86,5.89,5.84,680339.0
2023-11-09,5.85,5.85,5.89,5.84,925287.0
2023-11-10,5.84,5.77,5.86,5.74,1667858.0
2023-11-13,5.77,5.71,5.78,5.67,1111160.0
2023-11-14,5.71,5.7,5.74,5.68,1082923.0
2023-11-15,5.73,5.76,5.79,5.71,1014012.0
2023-11-16,5.75,5.75,5.77,5.72,530262.0
2023-11-17,5.75,5.69,5.76,5.68,868099.0
2023-11-20,5.7,5.76,5.77,5.68,800069.0
2023-11-21,5.77,5.77,5.82,5.76,944072.0
2023-11-22,5.76,5.77,5.82,5.76,690958.0
2023-11-23,5.77,5.78,5.79,5.74,551319.0
2023-11-24,5.77,5.81,5.85,5.77,885419.0
2023-11-27,5.82,5.78,5.83,5.77,814637.0
2023-11-28,5.78,5.73,5.79,5.69,807838.0
2023-11-29,5.73,5.62,5.74,5.61,1316587.0
2023-11-30,5.62,5.63,5.66,5.61,958210.0
2023-12-01,5.64,5.65,5.66,5.61,883586.0
2023-12-04,5.64,5.57,5.66,5.57,1078873.0
2023-12-05,5.57,5.44,5.58,5.43,1441286.0
2023-12-06,5.44,5.51,5.57,5.37,1293412.0
2023-12-07,5.5,5.54,5.57,5.48,1075931.0
2023-12-08,5.53,5.55,5.6,5.48,1570220.0
2023-12-11,5.53,5.6,5.61,5.45,1117915.0
2023-12-12,5.58,5.66,5.68,5.57,930454.0
2023-12-13,5.65,5.59,5.68,5.58,829873.0
2023-12-14,5.61,5.55,5.61,5.55,487922.0
2023-12-15,5.56,5.55,5.6,5.5,1140768.0
2023-12-18,5.52,5.52,5.58,5.49,586270.0
2023-12-19,5.52,5.52,5.54,5.48,547161.0
2023-12-20,5.52,5.53,5.6,5.52,722590.0
2023-12-21,5.52,5.55,5.56,5.48,698277.0
2023-12-22,5.56,5.56,5.59,5.54,833645.0
2023-12-25,5.56,5.57,5.58,5.54,502564.0
2023-12-26,5.56,5.56,5.58,5.54,513556.0
2023-12-27,5.55,5.66,5.67,5.54,990407.0
2023-12-28,5.66,5.74,5.75,5.65,1178103.0
2023-12-29,5.73,5.7,5.75,5.67,852936.0
2024-01-02,5.72,5.7,5.77,5.69,819442.0
2024-01-03,5.69,5.72,5.73,5.69,600621.0
2024-01-04,5.72,5.72,5.75,5.67,820644.0
2024-01-05,5.73,5.82,5.9,5.7,1806794.0
2024-01-08,5.81,5.82,5.86,5.79,1123741.0
2024-01-09,5.81,5.86,5.88,5.76,1005745.0
2024-01-10,5.85,5.85,5.89,5.84,980808.0
2024-01-11,5.86,5.88,5.93,5.83,1170810.0
2024-01-12,5.87,5.93,5.95,5.87,851730.0
2024-01-15,5.93,5.99,6.0,5.92,1017105.0
2024-01-16,5.98,6.09,6.09,5.97,1569841.0
2024-01-17,6.09,6.03,6.14,6.03,1864557.0
2024-01-18,6.0,6.07,6.1,5.88,2189556.0
2024-01-19,6.04,6.11,6.13,6.01,1468566.0
2024-01-22,6.11,6.05,6.19,6.0,2126451.0
2024-01-23,6.01,6.06,6.09,5.97,1484425.0
2024-01-24,6.08,6.11,6.12,6.01,1308354.0
2024-01-25,6.12,6.14,6.15,6.1,1435069.0
2024-01-26,6.14,6.25,6.26,6.13,1772253.0
2024-01-29,6.29,6.32,6.4,6.28,1869027.0
2024-01-30,6.28,6.28,6.39,6.23,1469555.0
2024-01-31,6.26,6.33,6.36,6.25,1485231.0
2024-02-01,6.31,6.3,6.35,6.25,1380626.0
2024-02-02,6.29,6.31,6.37,6.17,2067106.0
2024-02-05,6.29,6.37,6.38,6.28,2598758.0
2024-02-06,6.37,6.43,6.46,6.33,2288467.0
2024-02-07,6.43,6.35,6.45,6.22,2801943.0
2024-02-08,6.31,6.29,6.34,6.21,1997608.0
2024-02-19,6.31,6.5,6.5,6.27,1933630.0
2024-02-20,6.49,6.62,6.63,6.46,1648298.0
2024-02-21,6.61,6.86,6.93,6.59,2307880.0
2024-02-22,6.84,6.95,6.97,6.81,1350005.0
2024-02-23,6.94,6.86,6.99,6.85,1797702.0
2024-02-26,6.85,6.69,6.86,6.65,1543535.0
2024-02-27,6.69,6.69,6.78,6.65,1262492.0
2024-02-28,6.66,6.64,6.72,6.59,1175335.0
2024-02-29,6.62,6.68,6.68,6.61,1069948.0
2024-03-01,6.66,6.62,6.67,6.61,985227.0
2024-03-04,6.6,6.57,6.62,6.55,1161270.0
2024-03-05,6.56,6.76,6.77,6.55,1798910.0
2024-03-06,6.77,6.74,6.87,6.73,1054138.0
2024-03-07,6.72,6.78,6.84,6.71,756383.0
2024-03-08,6.77,6.76,6.82,6.71,652911.0
2024-03-11,6.76,6.73,6.8,6.68,849415.0
2024-03-12,6.71,6.6,6.73,6.58,1164071.0
2024-03-13,6.58,6.54,6.6,6.5,939976.0
2024-03-14,6.53,6.6,6.68,6.52,972051.0
2024-03-15,6.62,6.7,6.7,6.62,928817.0
2024-03-18,6.66,6.62,6.69,6.59,882209.0
2024-03-19,6.61,6.62,6.65,6.6,744634.0
2024-03-20,6.61,6.62,6.68,6.58,733767.0
2024-03-21,6.61,6.74,6.77,6.6,1172077.0
2024-03-22,6.74,6.7,6.76,6.64,847457.0
2024-03-25,6.69,6.72,6.78,6.69,905868.0
2024-03-26,6.73,6.8,6.81,6.7,1155190.0
2024-03-27,6.79,6.86,6.93,6.78,1284994.0
2024-03-28,6.85,6.85,6.86,6.76,1258614.0
2024-03-29,6.84,6.91,6.95,6.82,817262.0
2024-04-01,6.92,6.97,6.98,6.91,834881.0
2024-04-02,6.97,7.01,7.08,6.95,999561.0
2024-04-03,7.01,6.93,7.02,6.88,881220.0
2024-04-08,6.93,6.98,7.02,6.92,978887.0
2024-04-09,6.98,6.95,7.06,6.93,1044014.0
2024-04-10,6.94,6.92,7.0,6.89,774355.0
2024-04-11,6.88,6.94,6.95,6.83,790457.0
2024-04-12,6.94,6.91,6.98,6.9,803363.0
2024-04-15,6.93,7.03,7.04,6.9,1282646.0
2024-04-16,7.03,6.98,7.05,6.94,1209385.0
2024-04-17,6.99,7.09,7.1,6.91,1242126.0
2024-04-18,7.09,7.25,7.38,7.08,1872380.0
2024-04-19,7.23,7.18,7.28,7.17,938527.0
2024-04-22,7.23,7.22,7.32,7.19,1385496.0
2024-04-23,7.26,7.24,7.33,7.21,1229860.0
2024-04-24,7.22,7.17,7.26,7.13,918224.0
2024-04-25,7.18,7.45,7.46,7.16,1793172.0
2024-04-26,6.91,6.68,6.91,6.62,7644565.0
2024-04-29,6.65,6.91,6.94,6.64,5255654.0
2024-04-30,6.97,7.09,7.14,6.93,2275788.0
2024-05-06,7.13,7.03,7.16,7.02,2255359.0
2024-05-07,7.04,6.98,7.05,6.88,2281808.0
2024-05-08,6.97,7.05,7.09,6.97,1339962.0
2024-05-09,7.04,7.01,7.11,7.0,1263411.0
2024-05-10,7.02,7.08,7.11,6.97,1658902.0
2024-05-13,7.05,7.16,7.17,7.0,1562875.0
2024-05-14,7.16,7.15,7.25,7.14,978029.0
2024-05-15,7.15,7.17,7.22,7.11,920540.0
2024-05-16,7.19,7.33,7.35,7.17,1380521.0
2024-05-17,7.33,7.39,7.39,7.25,1146472.0
2024-05-20,7.39,7.32,7.44,7.3,1123541.0
2024-05-21,7.31,7.38,7.41,7.29,884430.0
2024-05-22,7.38,7.36,7.46,7.36,999594.0
2024-05-23,7.35,7.3,7.38,7.28,918504.0
2024-05-24,7.29,7.25,7.4,7.24,1012415.0
2024-05-27,7.27,7.39,7.4,7.27,1100939.0
2024-05-28,7.41,7.37,7.45,7.34,696114.0
2024-05-29,7.38,7.31,7.39,7.28,909698.0
2024-05-30,7.3,7.2,7.37,7.14,1253153.0
2024-05-31,7.21,7.28,7.3,7.21,877246.0
2024-06-03,7.15,6.97,7.18,6.84,3951202.0
2024-06-04,6.97,6.9,7.01,6.87,1974524.0
2024-06-05,6.91,6.74,6.93,6.72,1832627.0
2024-06-06,6.76,6.85,6.89,6.75,1791323.0
2024-06-07,6.89,6.93,6.95,6.87,1186076.0
2024-06-11,6.92,6.76,6.94,6.75,1343524.0
2024-06-12,6.75,6.73,6.77,6.68,1284649.0
2024-06-13,6.74,6.59,6.76,6.59,1773142.0
2024-06-14,6.69,6.88,6.88,6.65,2905536.0
2024-06-17,6.83,6.78,6.83,6.68,1232333.0
2024-06-18,6.78,6.84,6.84,6.71,896250.0
2024-06-19,6.84,6.87,6.91,6.8,704264.0
2024-06-20,6.86,6.79,6.88,6.77,620664.0
2024-06-21,6.79,6.82,6.85,6.76,673594.0
2024-06-24,6.81,6.79,6.84,6.75,794850.0
2024-06-25,6.78,6.75,6.83,6.71,1104639.0
2024-06-26,6.74,6.78,6.78,6.72,773529.0
2024-06-27,6.76,6.83,6.87,6.74,1169257.0
2024-06-28,6.85,6.91,7.0,6.84,1108844.0
2024-07-01,6.91,6.98,7.0,6.91,982582.0
2024-07-02,6.97,7.03,7.06,6.97,1253213.0
2024-07-03,7.04,7.02,7.07,6.96,1124434.0
2024-07-04,7.02,7.04,7.07,7.0,1181801.0
2024-07-05,7.06,6.97,7.1,6.92,1392086.0
2024-07-08,6.95,7.03,7.07,6.95,1227496.0
2024-07-09,7.04,7.17,7.18,6.97,1268403.0
2024-07-10,7.15,7.18,7.2,7.1,850288.0
2024-07-11,7.2,7.1,7.22,7.07,796692.0
2024-07-12,7.1,7.3,7.32,7.09,1290277.0
2024-07-15,7.28,7.36,7.39,7.27,1018215.0
2024-07-16,7.38,7.34,7.4,7.29,800221.0
2024-07-17,7.35,7.38,7.4,7.32,882753.0
2024-07-18,7.36,7.38,7.41,7.28,932948.0
2024-07-19,7.38,7.33,7.38,7.26,936481.0
2024-07-22,7.33,7.25,7.34,7.2,973333.0
2024-07-23,7.24,7.29,7.41,7.23,1144819.0
2024-07-24,7.29,7.3,7.34,7.25,906657.0
2024-07-25,7.3,7.29,7.35,7.2,916594.0
2024-07-26,7.29,7.18,7.31,7.11,955620.0
2024-07-29,7.16,7.27,7.29,7.14,918648.0
2024-07-30,7.27,7.21,7.3,7.17,722946.0
2024-07-31,7.21,7.17,7.24,7.16,1136616.0
2024-08-01,7.17,7.2,7.32,7.11,1186612.0
2024-08-02,7.16,7.17,7.22,7.15,689744.0
2024-08-05,7.16,7.03,7.19,7.02,1087752.0
2024-08-06,7.06,6.96,7.1,6.91,932994.0
2024-08-07,6.95,7.05,7.09,6.95,934801.0
2024-08-08,7.04,6.98,7.06,6.96,570055.0
2024-08-09,7.0,6.99,7.05,6.96,465919.0
2024-08-12,6.99,7.0,7.01,6.94,438431.0
2024-08-13,6.99,7.08,7.11,6.99,735740.0
2024-08-14,7.08,7.07,7.17,7.06,574360.0
2024-08-15,7.08,7.13,7.15,7.05,575826.0
2024-08-16,7.14,7.15,7.19,7.11,862412.0
2024-08-19,7.24,7.44,7.44,7.22,2386539.0
2024-08-20,7.46,7.55,7.56,7.44,1958001.0
2024-08-21,7.52,7.52,7.55,7.43,1050078.0
2024-08-22,7.51,7.6,7.65,7.5,1293338.0
2024-08-23,7.62,7.6,7.63,7.51,1072051.0
2024-08-26,7.59,7.67,7.68,7.51,1068751.0
2024-08-27,7.66,7.7,7.74,7.63,1240362.0
2024-08-28,7.69,7.65,7.72,7.59,852037.0
2024-08-29,7.63,7.41,7.65,7.38,1275023.0
2024-08-30,7.4,7.25,7.47,7.25,1693839.0
2024-09-02,7.24,7.32,7.4,7.23,1096777.0
2024-09-03,7.32,7.19,7.34,7.14,993695.0
2024-09-04,7.18,7.21,7.29,7.17,836563.0
2024-09-05,7.22,7.31,7.34,7.15,1027964.0
2024-09-06,7.31,7.34,7.46,7.31,817839.0
2024-09-09,7.31,7.09,7.33,7.06,1213018.0
2024-09-10,7.11,7.14,7.22,7.07,1081284.0
2024-09-11,7.13,6.97,7.15,6.93,1322258.0
2024-09-12,6.94,7.03,7.07,6.93,739298.0
2024-09-13,7.06,6.97,7.15,6.97,652943.0
2024-09-18,7.01,7.01,7.03,6.85,712023.0
2024-09-19,7.02,6.94,7.05,6.88,863812.0
2024-09-20,6.95,6.99,7.06,6.94,1006409.0
2024-09-23,7.01,7.11,7.14,6.97,1031811.0
2024-09-24,7.14,7.28,7.29,7.08,1636930.0
2024-09-25,7.35,7.47,7.52,7.34,1752867.0
2024-09-26,7.44,7.68,7.7,7.41,1782319.0
2024-09-27,7.76,7.58,7.83,7.5,1816698.0
2024-09-30,7.66,7.88,7.97,7.59,4056856.0
2024-10-08,8.58,8.04,8.58,7.87,4577686.0
2024-10-09,7.89,7.41,7.98,7.36,3245194.0
2024-10-10,7.54,7.93,8.13,7.53,3457299.0
2024-10-11,7.88,7.84,8.16,7.78,1870652.0
2024-10-14,7.97,8.31,8.4,7.96,3371433.0
2024-10-15,8.29,8.27,8.48,8.23,2182201.0
2024-10-16,8.23,8.51,8.56,8.18,2056048.0
2024-10-17,8.55,8.51,8.75,8.43,1848796.0
2024-10-18,8.56,8.47,8.6,8.29,1941382.0
2024-10-21,8.46,8.42,8.53,8.29,1698591.0
2024-10-22,8.39,8.41,8.49,8.33,983715.0
2024-10-23,8.41,8.42,8.48,8.37,947570.0
2024-10-24,8.43,8.58,8.6,8.39,1340711.0
2024-10-25,8.54,8.42,8.59,8.37,1094669.0
2024-10-28,8.4,8.32,8.4,8.28,1059737.0
2024-10-29,8.32,8.5,8.6,8.31,1225771.0
2024-10-30,8.51,8.48,8.57,8.37,1045676.0
2024-10-31,8.47,8.29,8.56,8.25,1424680.0
2024-11-01,8.32,8.42,8.46,8.28,1042840.0
2024-11-04,8.41,8.64,8.65,8.33,1504518.0
2024-11-05,8.6,8.68,8.72,8.59,968644.0
2024-11-06,8.67,8.63,8.7,8.59,820868.0
2024-11-07,8.59,8.74,8.75,8.49,1341676.0
2024-11-08,8.74,8.61,8.79,8.55,1213972.0
2024-11-11,8.58,8.36,8.59,8.32,1791041.0
2024-11-12,8.35,8.32,8.53,8.3,1353600.0
2024-11-13,8.32,8.45,8.48,8.31,1166887.0
2024-11-14,8.42,8.51,8.58,8.4,1169152.0
2024-11-15,8.51,8.47,8.63,8.43,1241835.0
2024-11-18,8.57,8.55,8.7,8.52,1637266.0
2024-11-19,8.57,8.54,8.62,8.41,949823.0
2024-11-20,8.54,8.5,8.58,8.46,667733.0
2024-11-21,8.51,8.52,8.53,8.47,525529.0
2024-11-22,8.5,8.34,8.56,8.33,870946.0
2024-11-25,8.34,8.36,8.42,8.32,815478.0
2024-11-26,8.33,8.39,8.42,8.28,911335.0
2024-11-27,8.37,8.42,8.46,8.29,828064.0
2024-11-28,8.54,8.42,8.56,8.41,1261034.0
2024-11-29,8.45,8.53,8.61,8.44,1452638.0
2024-12-02,8.39,8.24,8.46,8.23,3781743.0
2024-12-03,8.27,8.38,8.39,8.26,2001133.0
2024-12-04,8.37,8.4,8.43,8.3,1322941.0
2024-12-05,8.39,8.37,8.45,8.35,1342568.0
2024-12-06,8.38,8.53,8.6,8.37,1857758.0
2024-12-09,8.53,8.64,8.67,8.51,1399091.0
2024-12-10,8.71,8.72,8.82,8.59,1512046.0
2024-12-11,8.71,8.65,8.76,8.63,1166984.0
2024-12-12,8.68,8.8,8.84,8.67,1374182.0
2024-12-13,8.8,8.62,8.8,8.61,1511894.0
2024-12-16,8.64,8.68,8.76,8.63,989433.0
2024-12-17,8.67,8.75,8.77,8.66,1276795.0
2024-12-18,8.76,8.87,8.92,8.75,1446076.0
2024-12-19,8.84,8.78,8.92,8.78,997397.0
2024-12-20,8.8,8.84,8.92,8.8,1093053.0
2024-12-23,8.85,8.9,9.01,8.85,1419565.0
2024-12-24,8.92,9.05,9.07,8.86,1403164.0
2024-12-25,9.08,9.2,9.21,9.05,1096255.0
2024-12-26,9.21,9.25,9.26,9.09,949287.0
2024-12-27,9.23,9.19,9.3,9.03,1304633.0
2024-12-30,9.17,9.38,9.43,9.16,1407863.0
2024-12-31,9.39,9.3,9.49,9.3,1354919.0
2025-01-02,9.33,9.2,9.44,9.15,1466724.0
2025-01-03,9.23,9.08,9.27,9.05,1268622.0
2025-01-06,9.08,9.12,9.13,8.88,1152520.0
2025-01-07,9.12,9.21,9.23,9.04,853353.0
2025-01-08,9.21,9.31,9.35,9.2,1045220.0
2025-01-09,9.33,9.34,9.45,9.18,1247056.0
2025-01-10,9.38,9.32,9.44,9.15,1267261.0
2025-01-13,9.25,9.27,9.36,9.17,827089.0
2025-01-14,9.29,9.21,9.37,9.19,1422951.0
2025-01-15,9.2,9.39,9.44,9.19,1332056.0
2025-01-16,9.44,9.62,9.66,9.4,1058083.0
2025-01-17,9.58,9.55,9.68,9.53,713806.0
2025-01-20,9.57,9.46,9.61,9.46,819923.0
2025-01-21,9.51,9.38,9.52,9.36,690063.0
2025-01-22,9.39,9.24,9.4,9.22,1007252.0
2025-01-23,9.3,9.38,9.43,9.3,950384.0
2025-01-24,9.3,9.56,9.57,9.18,1296989.0
2025-01-27,9.61,9.72,9.77,9.59,1099595.0
2025-02-05,9.71,9.54,9.72,9.51,976379.0
2025-02-06,9.52,9.47,9.65,9.39,971462.0
2025-02-07,9.48,9.35,9.48,9.33,1397878.0
2025-02-10,9.3,9.31,9.39,9.23,1275471.0
2025-02-11,9.31,9.35,9.4,9.29,850677.0
2025-02-12,9.34,9.32,9.41,9.29,801270.0
2025-02-13,9.31,9.29,9.34,9.29,744893.0
2025-02-14,9.3,9.24,9.31,9.21,1101702.0
2025-02-17,9.25,9.15,9.28,9.1,1497831.0
2025-02-18,9.16,9.27,9.32,9.16,1362275.0
2025-02-19,9.28,9.22,9.3,9.19,925778.0
2025-02-20,9.22,9.17,9.23,9.15,675336.0
2025-02-21,9.16,8.96,9.16,8.9,2623722.0
2025-02-24,8.89,8.87,8.98,8.84,1492961.0
2025-02-25,8.86,8.77,8.91,8.73,1578166.0
2025-02-26,8.74,8.76,8.86,8.73,1320144.0
2025-02-27,8.79,8.97,8.98,8.74,1800260.0
2025-02-28,9.0,8.92,9.09,8.92,1231897.0
2025-03-03,8.96,9.02,9.02,8.85,1041089.0
2025-03-04,9.02,9.08,9.12,8.99,958759.0
2025-03-05,9.09,9.26,9.3,9.05,1485303.0
2025-03-06,9.26,9.17,9.28,9.14,1151099.0
2025-03-07,9.18,9.09,9.21,9.08,856952.0
2025-03-10,9.06,9.06,9.08,8.98,876137.0
2025-03-11,9.02,9.11,9.11,9.02,696102.0
2025-03-12,9.08,9.01,9.13,9.0,937974.0
2025-03-13,9.01,9.13,9.14,9.0,983902.0
2025-03-14,9.12,9.03,9.21,9.02,2070923.0
2025-03-17,9.06,9.13,9.19,9.01,1538200.0
2025-03-18,9.16,9.14,9.22,9.12,922393.0
2025-03-19,9.16,9.2,9.23,9.12,908018.0
2025-03-20,9.23,9.22,9.31,9.22,882131.0
2025-03-21,9.23,9.15,9.29,9.14,924587.0
2025-03-24,9.18,9.26,9.27,9.15,1111097.0
2025-03-25,9.26,9.37,9.38,9.25,962638.0
2025-03-26,9.36,9.24,9.39,9.24,898965.0
2025-03-27,9.24,9.34,9.37,9.24,893388.0
2025-03-28,9.34,9.3,9.38,9.29,634760.0
2025-03-31,9.33,9.29,9.39,9.27,942475.0
2025-04-01,9.29,9.37,9.38,9.23,1075964.0
2025-04-02,9.36,9.54,9.58,9.36,1197633.0
2025-04-03,9.48,9.53,9.59,9.47,756602.0
2025-04-07,9.23,9.1,9.29,8.87,2631352.0
2025-04-08,9.06,9.18,9.21,9.01,2059110.0
2025-04-09,9.11,9.12,9.19,9.03,1657444.0
2025-04-10,9.16,9.28,9.29,9.13,1383852.0
2025-04-11,9.24,9.16,9.26,9.11,1043419.0
2025-04-14,9.17,9.18,9.21,9.15,771830.0
2025-04-15,9.17,9.36,9.37,9.16,1240993.0
2025-04-16,9.34,9.53,9.54,9.34,1251640.0
2025-04-17,9.51,9.63,9.64,9.44,1122397.0
2025-04-18,9.59,9.66,9.68,9.59,926070.0
2025-04-21,9.67,9.56,9.82,9.56,1426299.0
2025-04-22,9.59,9.73,9.77,9.59,1087182.0
2025-04-23,9.74,9.65,9.79,9.65,869282.0
2025-04-24,9.69,9.75,9.78,9.67,843690.0
2025-04-25,9.76,9.72,9.81,9.67,726967.0
2025-04-28,9.75,9.92,9.97,9.74,1531644.0
2025-04-29,9.94,10.16,10.18,9.94,1823253.0
2025-04-30,10.12,9.95,10.17,9.93,1324223.0
2025-05-06,9.94,9.8,9.99,9.75,1355116.0
2025-05-07,9.85,9.95,10.01,9.83,942615.0
2025-05-08,9.95,10.2,10.2,9.94,1340972.0
2025-05-09,10.2,10.39,10.39,10.17,1107360.0
2025-05-12,10.36,10.41,10.49,10.26,1067209.0
2025-05-13,10.41,10.6,10.66,10.4,1156568.0
2025-05-14,10.59,10.57,10.66,10.49,1218718.0
2025-05-15,10.56,10.57,10.67,10.56,1080508.0
2025-05-16,10.57,10.52,10.61,10.42,960472.0
2025-05-19,10.52,10.5,10.63,10.48,843110.0
2025-05-20,10.53,10.5,10.66,10.47,879774.0
2025-05-21,10.54,10.71,10.74,10.52,1005597.0
2025-05-22,10.7,10.85,10.91,10.67,1152549.0
2025-05-23,10.88,10.77,10.99,10.74,887886.0
2025-05-26,10.75,10.6,10.83,10.53,1104245.0
2025-05-27,10.64,10.67,10.77,10.63,700996.0
2025-05-28,10.67,10.63,10.72,10.55,647118.0
2025-05-29,10.65,10.69,10.79,10.59,861037.0
2025-05-30,10.68,10.77,10.87,10.67,981596.0
2025-06-03,10.77,10.87,10.96,10.73,1293358.0
2025-06-04,10.87,11.0,11.01,10.84,1273904.0
2025-06-05,11.08,10.81,11.13,10.81,1222849.0
2025-06-06,10.84,10.94,10.95,10.78,952862.0
2025-06-09,10.94,11.01,11.04,10.82,1086084.0
2025-06-10,10.98,11.13,11.17,10.97,1103467.0
2025-06-11,11.13,11.14,11.19,11.06,673660.0
2025-06-12,11.15,11.4,11.44,11.15,1319649.0
2025-06-13,11.4,11.29,11.47,11.23,1153302.0
2025-06-16,11.34,11.5,11.51,11.3,910087.0
2025-06-17,11.51,11.43,11.58,11.41,906655.0
2025-06-18,11.47,11.53,11.55,11.39,698988.0
2025-06-19,11.54,11.63,11.65,11.5,909963.0
2025-06-20,11.63,11.67,11.68,11.5,1568598.0
2025-06-23,11.65,11.72,11.75,11.53,1327409.0
2025-06-24,11.71,11.72,11.8,11.59,1349263.0
2025-06-25,11.7,11.95,12.01,11.66,1508581.0
2025-06-26,11.92,12.23,12.27,11.9,1339823.0
2025-06-27,12.22,11.78,12.34,11.67,2332005.0
2025-06-30,11.71,11.73,11.77,11.59,1207444.0
2025-07-01,11.73,11.93,12.02,11.73,940175.0
2025-07-02,11.93,12.05,12.13,11.93,882496.0
2025-07-03,12.06,12.09,12.16,11.97,781556.0
2025-07-04,12.09,12.33,12.41,12.07,1284774.0
2025-07-07,12.38,12.29,12.43,12.18,953902.0
2025-07-08,12.29,12.15,12.33,11.96,1353880.0
2025-07-09,12.1,12.11,12.23,12.07,922718.0
2025-07-10,12.2,12.2,12.32,12.13,1311954.0
2025-07-11,12.25,11.92,12.31,11.91,1607704.0
2025-07-14,11.9,11.98,12.12,11.89,1099918.0
2025-07-15,11.98,11.8,12.15,11.78,1109909.0
2025-07-16,11.81,11.7,11.85,11.59,1473982.0
2025-07-17,11.73,11.72,11.82,11.66,952681.0
2025-07-18,11.71,11.78,11.83,11.68,1014254.0
2025-07-21,11.78,11.7,11.82,11.61,879245.0
2025-07-22,11.65,11.47,11.69,11.36,1644450.0
2025-07-23,11.45,11.47,11.59,11.37,1407251.0
2025-07-24,11.47,11.3,11.51,11.27,1706556.0
2025-07-25,11.3,11.37,11.49,11.29,1368124.0
2025-07-28,11.4,11.49,11.61,11.4,1479973.0
2025-07-29,11.51,11.32,11.58,11.31,1137027.0
2025-07-30,11.34,11.46,11.53,11.28,1277770.0
2025-07-31,11.45,11.3,11.46,11.18,1396200.0
2025-08-01,11.33,11.44,11.45,11.17,1295970.0
2025-08-04,11.4,11.56,11.68,11.39,1360182.0
2025-08-05,11.57,11.76,11.79,11.57,1295532.0
2025-08-06,11.8,11.69,11.83,11.6,891556.0
2025-08-07,11.66,11.65,11.74,11.6,722978.0
2025-08-08,11.7,11.65,11.82,11.64,864809.0
2025-08-11,11.65,11.51,11.67,11.49,937830.0
2025-08-12,11.52,11.47,11.63,11.45,907550.0
2025-08-13,11.45,11.2,11.49,11.19,1880559.0
2025-08-14,11.21,11.17,11.25,11.1,1306217.0
2025-08-15,11.18,10.98,11.2,10.9,1806640.0
2025-08-18,11.0,11.06,11.13,10.88,1620413.0
2025-08-19,11.06,11.11,11.14,10.96,1221886.0
2025-08-20,11.07,11.25,11.5,11.07,2117905.0
2025-08-21,11.24,11.31,11.37,11.16,1285419.0
2025-08-22,11.35,11.15,11.36,11.05,1840819.0
2025-08-25,11.04,11.07,11.11,10.95,2035571.0
2025-08-26,11.06,11.02,11.09,10.97,1151637.0
2025-08-27,11.0,10.81,11.03,10.79,1934176.0
2025-08-28,10.81,11.02,11.08,10.76,2121998.0
2025-08-29,11.02,10.83,11.13,10.83,2216139.0
2025-09-01,10.82,10.72,10.9,10.68,1793695.0
2025-09-02,10.72,10.89,10.9,10.68,1624035.0
2025-09-03,10.87,10.75,10.91,10.69,1085732.0
2025-09-04,10.73,10.77,10.82,10.54,1565911.0
2025-09-05,10.76,10.66,10.82,10.62,1283340.0
2025-09-08,10.59,10.67,10.74,10.57,1200526.0
2025-09-09,10.68,10.88,10.89,10.66,1574048.0
2025-09-10,10.87,10.82,10.9,10.77,1187471.0
2025-09-11,10.82,10.76,10.88,10.62,1814040.0
2025-09-12,10.72,10.53,10.75,10.52,1880227.0
2025-09-15,10.51,10.42,10.53,10.37,1814153.0
2025-09-16,10.39,10.34,10.45,10.32,1337535.0
2025-09-17,10.32,10.3,10.39,10.26,1237837.0
2025-09-18,10.33,10.18,10.36,10.18,1474354.0
2025-09-19,10.17,10.26,10.3,10.1,1279720.0
2025-09-22,10.25,10.12,10.27,10.08,1148295.0
2025-09-23,10.11,10.21,10.31,10.02,1957897.0
2025-09-24,10.18,10.19,10.28,10.13,1170746.0
2025-09-25,10.18,10.08,10.19,10.0,1377034.0
2025-09-26,10.07,10.14,10.17,9.99,1772433.0
2025-09-29,10.12,10.14,10.25,10.07,1317450.0
2025-09-30,10.16,10.03,10.16,10.01,924151.0
2025-10-09,10.0,9.99,10.0,9.86,1602787.0
2025-10-10,9.96,10.12,10.16,9.96,1581734.0
2025-10-13,10.11,10.31,10.44,10.03,2566492.0
2025-10-14,10.28,10.72,10.77,10.24,3445952.0
2025-10-15,10.7,10.86,10.87,10.66,2169998.0
2025-10-16,10.82,11.04,11.06,10.8,1821507.0
2025-10-17,11.02,10.99,11.17,10.95,1543692.0
2025-10-20,10.96,10.79,10.98,10.73,1602981.0
2025-10-21,10.81,10.85,10.91,10.77,1229701.0
2025-10-22,10.81,10.93,10.99,10.81,963218.0
2025-10-23,10.92,10.99,11.07,10.88,1120762.0
2025-10-24,10.93,10.91,11.01,10.86,1319704.0
2025-10-27,10.85,10.94,10.99,10.73,1254804.0
2025-10-28,10.94,10.94,10.98,10.75,967736.0
2025-10-29,10.89,10.52,10.91,10.48,2039066.0
2025-10-30,10.46,10.55,10.6,10.45,1150751.0
2025-10-31,10.71,10.78,10.89,10.65,1778803.0
2025-11-03,10.78,10.92,11.02,10.78,1470070.0
2025-11-04,10.96,11.11,11.12,10.93,1531818.0
2025-11-05,11.14,11.12,11.26,11.07,1463847.0
2025-11-06,11.05,11.1,11.19,11.03,1119603.0
2025-11-07,11.1,11.06,11.22,11.06,972331.0
2025-11-10,11.05,11.12,11.16,11.0,982972.0
2025-11-11,11.12,11.1,11.14,11.03,863413.0
2025-11-12,11.15,11.13,11.24,11.11,985504.0
2025-11-13,11.13,11.03,11.18,10.95,1068996.0
2025-11-14,11.06,11.0,11.15,10.99,907823.0
2025-11-17,10.96,10.83,11.0,10.8,1123399.0
2025-11-18,10.83,10.73,10.87,10.72,809811.0
